{"version":49,"hash":{"type":"Buffer","data":"FyKxygt5UumDS4/JPTyrRblz8rRgEki2RCpFgGUDkUq6LsKTxIpwQ3eFGpwWTYJo+lFmmqJTMNwWDJqDmyZEtM2Iq3TPdvQX+58lbaPwgIvsixRnWtfFUHIKvszl7ebo+Lmva7hbhO5SQbae8nnZw+WpSY2lCn9gWxuRuMN5+DY="},"indexValueMap":{"AQl6xLQzhmvK4cV5ZKG6wu1Cc5wGMMkQUOgH0cijHAo=":{"valueMac":{"type":"Buffer","data":"1ajSmzdXWweT42bARxhbRA3o1Yxaqm+A826dYLRc/NE="}},"AV+zChYPoIyGca7+OtWlmQSSy/zSFJCHw8uBSL5I0qg=":{"valueMac":{"type":"Buffer","data":"c/D/tWaW4XdiN9ptNOuJFCSRatSCUyd/7hABjflYUrA="}},"Assg9zFYaLLeT5d7h9oZW8hsc/fOwUGpev6DV13/9uU=":{"valueMac":{"type":"Buffer","data":"p1Mrd4VIvWCXSJ7klkzMFqCnroJ4l+5TnkkZCVBgY8Q="}},"A1jnKuWJxti2mE0yNOMJli0npRosZdk7ISuHzbpdVLw=":{"valueMac":{"type":"Buffer","data":"uYs8qmoNNO1Ap/DP3Mi4e2dElbAVmQhPLTnPDzwbTTc="}},"A4NI+wDlLFA/cNxOsMInLddx0lDYHEU/fXr5RWejjeY=":{"valueMac":{"type":"Buffer","data":"obNzVlDw5eZwO+tv+L/uGuq01d58spPMDXcbfS2DzWc="}},"A/y8VMnKgTjFuAUgAmrFCuOvGuLXJvUu+VnBOBhvJAU=":{"valueMac":{"type":"Buffer","data":"0gZtqLpr6Nz8gofUk1TbZivNL2CStP/n7ZjHZWIZAjM="}},"BSS6G+NDoPYROam5F0K1J9eoVENJwCZH9j2lPVIuI4Q=":{"valueMac":{"type":"Buffer","data":"Xrk4Q1CZdQtT6S/AYA1vIGX6mZXdCtnZZWxDPx9S5zE="}},"BWya79FebZqwLxh3WdUcFU6vUZ7mCtY4F1nli2gHN6w=":{"valueMac":{"type":"Buffer","data":"lvq0MwUjloooT4FK6mZcmAN+itB+DV96oHwS94Wx/yU="}},"BZJbrFEPHIuUfTBogao0gDt9qbyM5eRvJIctAb4sjDY=":{"valueMac":{"type":"Buffer","data":"wdvCXGb5FZsLH+MajLuLjAmeECifVOMA2MwyEWV7oeo="}},"BmKFLxdlGJraPGZ+kC1JmZku9v4XGbklEWAnKBK1JfM=":{"valueMac":{"type":"Buffer","data":"yZCZ+T2Q8u9mAHWsTMunseSBsTBQpcHoESEKuYpDo3M="}},"ByXIkmrCOorXMHbH2tKBtYOy7I9DveFZdQIQU2IluIc=":{"valueMac":{"type":"Buffer","data":"Azs0DpztXwGWudJIWGKH86TYOsMtZ3UTXOoIEuDvypw="}},"B5aPVwtPOAr7kAto+N8g6gCh0TREZ3qLqCw2Z90JFuA=":{"valueMac":{"type":"Buffer","data":"JaPSpp5fjfZuaWM90eavuKY6ZvGlafipDY//3lhhgZk="}},"B/vhZQKqDwmTbX4AbH2bP9ZLqWte2NfZ6tivpmBLznk=":{"valueMac":{"type":"Buffer","data":"BkTX84XYB1FqtKkZpughxKNY0mH3Tbc9FYUDd2HKmlQ="}},"CDIuy79piS87aXZL3OpDuSHXEPqz5tOCmkymWzhgaXM=":{"valueMac":{"type":"Buffer","data":"ZdWEHr/t1g0zPPzzJU7qgQ7FZnQYwySDi8vKIc9Abrc="}},"COxK+uzVt3SW9iPoBeVreCce0UUikcEWKwHUSlHnfzk=":{"valueMac":{"type":"Buffer","data":"zRjlzXAX3PDTVJID+ZNSb5AvhSG/FnPuHq3e0TESyEs="}},"CQghFVQHzG0tSExrhCM3/YFWrNxfUF4GKq7zd/u/erw=":{"valueMac":{"type":"Buffer","data":"QuiEnh+LLddmTnbNji/2tgVC74ab8bPfozuLOnK3hFk="}},"CeIX2Foe6BTQuSgiwOAIZKEdJ1ZIl3G3Ve0nr35PQR4=":{"valueMac":{"type":"Buffer","data":"oDEqtL6X2qjPy9NwUMcCPnz3GlMclz31dAqYdSDDlF0="}},"Cn57rmH1VoPqFColl/w5cm3z0GGg5/sungdUrxiw2Lc=":{"valueMac":{"type":"Buffer","data":"Q+spCujeqAX4YjVFinLP6ycYGvD8AZUfq6BjZBj12mQ="}},"C98zcewxC4gyhzzXYV4lYt+vaWejCtP5XiuhX9wXD0Q=":{"valueMac":{"type":"Buffer","data":"b6xaP30jyhARCD5u/U/p+Y4SQdvzIPuatmKC5bHig9Q="}},"DL4fU/LzYGxiX466YraLeQQsUbj7qTAltGb2etkBSw0=":{"valueMac":{"type":"Buffer","data":"degZb5yN3bBiIvaF/YtRPV7uTVy8p8OWYpQNCKrKKiw="}},"DkAGe/+2EkkyzeuBbnqSj8pECRRVWZk0UTVZ0UkH7Zs=":{"valueMac":{"type":"Buffer","data":"JRCrbJCruYzukJYY3L1fqKMalQqXEepOedP7cR8CU7s="}},"Dmp1ENLJCYEHP2U9snFFeH5Psox97AQ05wDRooWT+es=":{"valueMac":{"type":"Buffer","data":"7hq/YfEtTkgdKJxtrYAJ14oUmoV5Ujf9SHaKWFsAnU8="}},"DtJtOClT6QD3cIKq3janTWtFxXBDY1vk4yegS7zM4EQ=":{"valueMac":{"type":"Buffer","data":"M18cj7efO1oQ4owWWgMk4p52wnREzmrWtR3bZ9KCu5k="}},"DussU0bblktgHOtk4mPD+d6HUZZ1cfvQtYZZvlnnjWM=":{"valueMac":{"type":"Buffer","data":"9ON54LOYcoBK4mzyAO/xS7gcDbU4omMs6kP1oWHsWkA="}},"EIfe583aGnPb2D9sliSPrNTFkfn2DTHsB6JA8HB+EXo=":{"valueMac":{"type":"Buffer","data":"Fl061DpKtprVC4SxwvqbRacdx0GM26E8qjqMSWwrXIc="}},"ER0OEBsy8E7MbmBRXPHF42nQ3uI1wWKpLRnLtWAQRog=":{"valueMac":{"type":"Buffer","data":"mQnYWfr9k1MYwd8VJ4m3RWIOWa8imJrfGUYGpQus8N8="}},"Eevr+2SVhCpGKI+s4bx77rOghOizdzpJHjlrm+QQj8A=":{"valueMac":{"type":"Buffer","data":"Dl852SauMJczILAxcBj9IYxRnkmecmSsWgAKpH8OnJk="}},"EvZs6DdhNtkk3P2avhu9pN2yDDTXAeJ4dn+KVpTcqS0=":{"valueMac":{"type":"Buffer","data":"vxp9saMU+f4mrJ6olykjiW302GMwVyk53UVANEJC46E="}},"E7RD22aRC2fDhZex7+tQuerM+Q5w8mYOqY/03hjnw/I=":{"valueMac":{"type":"Buffer","data":"xsWpX2GNq19nSdBDJcAC4qjE4q9P8Mg0B5FLvOy8SG0="}},"FEuNKngfXxsKClXZuG4D4x53IwHmScxgKZ7SRMAcy7M=":{"valueMac":{"type":"Buffer","data":"ohYHl5Nb7gRZmmGUf3sy/lELJQHj2OnHsRCpKITOSh4="}},"FaxLxEBbqLItRMAnB+MAQo+l//wJC4G6ItmooWbxB/0=":{"valueMac":{"type":"Buffer","data":"FVPBpi7+RqgsImoKnHWnd9jmfnA1+uF41f/6o5UA7zo="}},"Fi6P8XSscZDGG4824Fy2NqGUbvyISgX2QoD/qyqFbUs=":{"valueMac":{"type":"Buffer","data":"TwuIZaHs3s+JvZxhJ7w17vhg1IsUPxBGLwOx5wCfOkI="}},"Fr6KMcSdQcU9wgzbe/dG9UDs9epaTkmEIDRqDBKjfyA=":{"valueMac":{"type":"Buffer","data":"DwIJ79eeJhVBp0cfbHhujgI9pijG+IRKCYJ97Dr9Nrg="}},"Guzunv7QhBzxbqWbgXI8e9/tfUYGbr5hqrBP1ZwYzgw=":{"valueMac":{"type":"Buffer","data":"PDgCpr4wSQzCqbJm4urLS3kQ6lYxSo9xy5KztxYdBM8="}},"GwDbcX3MmHxVrfyERn0fOK17A5H83tG6BEWbPsrcRHA=":{"valueMac":{"type":"Buffer","data":"xu8PY50nNBVijAUBWODxXo/f0Kk9rsB202hyZFMpeEM="}},"GxfWwbUK/wZqal2AfOvtCYXChSpI4S+aKVYyXOl3nRE=":{"valueMac":{"type":"Buffer","data":"JB93iL93Rs0ItMPNp211rv00Yz5Vwpx0amCTYZnP1qo="}},"G2tPZNC9uWOESeh4TbIz8ZFk6F8OHLkuIHGuzWcV8SI=":{"valueMac":{"type":"Buffer","data":"+7nI8BUlASo6ucHTsIsXCS9mf/fyIPOQgyoLq13nrDQ="}},"G23UiuDoAdyrToj6fBIKA1AdHNbErZXiubHWfEKbNEc=":{"valueMac":{"type":"Buffer","data":"NK+BR00aOtH35vXG0vfhmD0nu7o4M+uL8ptAeCSAkt0="}},"G7SxJAJTeR9Jj04Q9BC0qhUmUiV1PE8qo4hrxpHOu3g=":{"valueMac":{"type":"Buffer","data":"0+6NIjk3jxojVEdIu7tQrAU1OdOAL1hi7sJd+Lhv4lw="}},"HAZepePUShVD9F9yPVC7qhgF5WpIRQBcdx1TFB3O8AI=":{"valueMac":{"type":"Buffer","data":"SBGnmtFb8Tm3NEICeyBgAd+tW5y2gFH1ErUCjl5B+tc="}},"HCrebZa6fJqW8qleadVHuyxpqnYSo/IIwFOLwdUYvL8=":{"valueMac":{"type":"Buffer","data":"eGB23Sm6V7hTSeRF8dfa/D1quSqbqnGTGu23u0e558w="}},"HQ7aJv2vBGzphQzxF/cfmkUEu8eIkpZYUePOosLfUpM=":{"valueMac":{"type":"Buffer","data":"ZtC61GxRQbTtLjYgM/BeN877dbbbKOv5aKmkf0AaOP0="}},"HUr8qV6GNUFYl9eA4yVn7/xRE3SNqqyIB4D49QpUtyI=":{"valueMac":{"type":"Buffer","data":"K/e5arf+YJASQuni/MQvS9o3eDmY0l0WVpp3iHWYX+4="}},"HWfTTs8Z4bf5sVVdD8ZIh77Cmz1mZkXLz92taaJ8F18=":{"valueMac":{"type":"Buffer","data":"PjK3/W3FBATdz2ofcyTDbpkyL/Fn8J8GAk0H5KsNyYI="}},"Hc5VmIdQF9q1Y97s9N1B0tgCauw0p497C5VotOmmGB8=":{"valueMac":{"type":"Buffer","data":"axOpWmC76oH3b6PT9vP9/jJ20mjpEVxPDKu203WF/qs="}},"HgBP5GZwDQH5/tFu60uBFjoeiKCCbGCJGoX3FMPbGJU=":{"valueMac":{"type":"Buffer","data":"2eaILJOH/aRNZka4yqmRd4YFKIeHE8m1oD21dZqtC08="}},"HhR4enQrpODweTfo6SLVdvRp8wgo1GhZoPmdC7mbLb0=":{"valueMac":{"type":"Buffer","data":"/tz9dC67u4oN8UK7Fm3HyBJ3qoxG+zgdp0K6OKIJ53k="}},"HoLIueDKWRCRAeLkJ5S+/yjxTdYIGhnEsCklmyX/uXM=":{"valueMac":{"type":"Buffer","data":"Y/c5GOjQAU0Ksav0+xgKad0dDus+IHOdmbXqPXHtFlU="}},"IE7DZlH4aT89YtaI9CCv09Vlnij1Wx+mTRIr2dP/GnA=":{"valueMac":{"type":"Buffer","data":"nENxh37bZLcM1M579opEFh52Bt+SQEKdLXZviDd0LPc="}},"ILZMKheqnimH98d7+7wExQu1et1QCq/wcyY0ys+h6MU=":{"valueMac":{"type":"Buffer","data":"OfAtE/IIXHUjFb3VroIuuihZQz4O4CMthpNQvJBjVwM="}},"ILurmxwF9oMfxhooi2qZtG586KnV5A59rnhcMLaxsLg=":{"valueMac":{"type":"Buffer","data":"kkbQOxt0UH26Gy9NxlTeo7/qvY8AgeiqK4wj2ijms1I="}},"Io7zK6cOf0gnecM1ycweL7UB/S7y99coyq9HFxic8JE=":{"valueMac":{"type":"Buffer","data":"oFG0MjrxSgzhSR6hUUovqnlOCNB6qhhU8gDx+XsPQAI="}},"I15sR9hTnu3SS/t71IYFmYe+HQthS149g9YVF365L/Q=":{"valueMac":{"type":"Buffer","data":"EYgtifgqqAJkH6ZvdOiiUwDqUDBvNqgB40LNzr7ktTY="}},"I4yRhka5/r0gJpMua80Zk+i3wzv5TrInNkANTymYyLE=":{"valueMac":{"type":"Buffer","data":"jOCnouK3kWlHQyrl7SuC4EMfMJSh4kdedw2qj7th4Xo="}},"JCI8qHNSFC9W3Et3dzim+cWyKADMZweaYjXJIV6ZODU=":{"valueMac":{"type":"Buffer","data":"DAzdEIzwOvO4B5LPZh0+HB56stHpVUNN/B2Sn3sO0dU="}},"JGVsYnJd8n/dZKZlShhZFPutXFg13Z+swQL5H4ZcHAY=":{"valueMac":{"type":"Buffer","data":"2p7SmN6j7QaAEEKDE/QOPBQ7/iF+nJ97KRYfTQpBXW0="}},"JJMSEUI/SWj5k2h98SCvKvBfZ4xnK0WUw9WM1W9z4/w=":{"valueMac":{"type":"Buffer","data":"RRYVejxDya/OXRbOs4g8oyZmGdEVrtpUAcaDhWmVz94="}},"JKVrxnJJLqAbLQBsJJ+ZgIifOUwb/fXUQpDFpw5IiKU=":{"valueMac":{"type":"Buffer","data":"+KRSEgHaD5owhh1jFDqTFG+VBNPbQox+zDM7xqcdQFs="}},"JXQjKcD0/yybZvWfwQkGBWfV8a7j6t8i8kbY4rcac+I=":{"valueMac":{"type":"Buffer","data":"us1BgYiv2VC12M0XQwpwRvA1yBnTYUqTaTh7VD0CUck="}},"Jn0lfd4CvPYFq5rcJUV+SBrBnX/ZJNBg1pcqED2ZSOk=":{"valueMac":{"type":"Buffer","data":"Ccz95ykoWjI2FI5rHfiacZZvxFxH2X8Gb7rVYTlDves="}},"JxovmCI9Rl2FKDzCkFSnEA+0T4/KKDrMCSFkHpGjos8=":{"valueMac":{"type":"Buffer","data":"xBGNE7RYtWp/6qy/ly/Ut+BC3oEsUEaz7w/C45r6voM="}},"Jz9BrJhrLII2txFxF7uOua4r9jdI8QYTZQxbWPkS2Ck=":{"valueMac":{"type":"Buffer","data":"dFdhD5fCljH4a8l20ZBcN6DQxsO61+X/3udGb3VtlAk="}},"KB+Y6wJ67c52U4CMF4azdyngGsGZvZtPEH4Yzs/VaYg=":{"valueMac":{"type":"Buffer","data":"10/uObQyDA8tSlA3lltS3MCCiC/SeSsj9/P+DNjZCb0="}},"KF3gInaoUn0Gk+AiQ5n01DP5Bb4bPjyaICFBUyQ2oZc=":{"valueMac":{"type":"Buffer","data":"a7+H+O5/LtVcUQAROBxVFRVmsCCvUEph5n8Ol9P2Xfg="}},"KM60d6gXyR3DgqAlLzBc5u+tD0kPSZJizN5KlRfCVq0=":{"valueMac":{"type":"Buffer","data":"C09Yr6fR6dlaI9N8ayQbaaK0LeIWVC13fSs8DPvgZgY="}},"KfMV+vYesppXU2mgch7mcUB7c8nRsj4FN+CQIiM0Mio=":{"valueMac":{"type":"Buffer","data":"vcd0TCYXUD3gblpvQnPAXnTFdHaJx1ypttqbHONuie0="}},"KgvASnlhV8xm/fqop547sQRTpODe7k4M2459SCZVB+A=":{"valueMac":{"type":"Buffer","data":"cOoS9BDwIOWTyiViLCyJ2OX5nn+hEvnxNG6e/Tty7Us="}},"Kq2iU2AhTe57iHkeJEAn9kgyrZ1rBPdM/OsVgQ5Q4RI=":{"valueMac":{"type":"Buffer","data":"YNKisq8juyTrCcy5XK64lyuRWjexA5rHTQNB6KTiNBk="}},"LASmTFSHfxw4aPtHXkBjTeCT53348zzKZ0CbmDkZKv0=":{"valueMac":{"type":"Buffer","data":"t0yFh04IYHRUlqBm6ua63iS7EKJoqNrAEjVk0sL6NRw="}},"LFiusXXJFVs13y5ruHw6+qlR7wZ+3nQAoT88ki6Btnw=":{"valueMac":{"type":"Buffer","data":"SuopEW1LHZkgXN1rslQzH0c3zFhl9lAIWyo/FCL+tig="}},"LZ9jHgMkiemEofKeFbWvRkxKoAf23OsPvqNgcQ7h5UA=":{"valueMac":{"type":"Buffer","data":"REvaJuML0u+jvXsraQjS/jU3MM0e46NJBAVDZpfmQqM="}},"LfapJ0Or0JHJLoR9mwQpKajT4mp+FW/YoOi0aiAGmfw=":{"valueMac":{"type":"Buffer","data":"5wRGoF88VC6QHJCT7Cjrgl2UORsI9MWMv43VOkHgHGg="}},"LgLzuEzJE9qecAdMlT94WAV+BDs/vwBiFitB8TOXfjM=":{"valueMac":{"type":"Buffer","data":"cnKWa1/j9tU9I1qSGa+kUfkp8YHuwihlB75egVL2RMg="}},"MN39u42COiAXDlhLoowmSu66Pd4crYUtrN7ywJTG8/E=":{"valueMac":{"type":"Buffer","data":"16nNMJ3/A/DDuKCrxhRxsjS6efEoogjdE/omiUYFUTQ="}},"MW6qkpfBG0tDMqGig84IPzLmg8hi5PPzwOzrFdygysc=":{"valueMac":{"type":"Buffer","data":"qsg9P4dvSYjZ52AVXGKojbCTDQ1bIZeSliaa8sMG3VY="}},"MfMRtTfowEwnb2rZuNO8DV3Iqzlt3Y3FBNCtcdy1X/g=":{"valueMac":{"type":"Buffer","data":"ZZlNtv8QCFWyf3UpSv9jZJen6buShTH3MVPFQ/GbWtU="}},"MuryHHFGM9As5zd6FbPVQixQwB+5EhMtNw12hNXeaq8=":{"valueMac":{"type":"Buffer","data":"NkjCJqVmi70KFwHtFcJudvcbBrptvlEUpUiEx/ir03U="}},"M57yFSWpWn4qqqDfunXNrk4IwJtyhSKAOi3vbSKUj/I=":{"valueMac":{"type":"Buffer","data":"u26dDHXKFZQ1BcuG3HpDQ1XuiI2dRQ6ib/f/zvJbz0o="}},"NfDV5FlDoLYAL5HtVGsx7G0TxDFGqU4CyvT1Q34y7IQ=":{"valueMac":{"type":"Buffer","data":"mEMWKwheFJ3DppsrGJfZQBA3amfkEcbNwQ5AY9vJvjA="}},"NniJX2z2ZXpDiA6AuOnLH5OhjfE9Ixo5gPaBchLAFnU=":{"valueMac":{"type":"Buffer","data":"acbbr6dJLSnuWXp+2PrL6kXTyZcuXkjnuchhYtebbhE="}},"NrP70RcOvedZIQ5CzTt5Go2Sj4oDj6qZU1E6NAwBCtE=":{"valueMac":{"type":"Buffer","data":"awvbI4jwgtEulBml7Ykts3dnmKWhWF0aD4+PTuUP430="}},"NzKKwi/wW/ph3VrbgKc9gzXOGiH/hbFhspwrb1iSNbo=":{"valueMac":{"type":"Buffer","data":"JbUwcowpeEQCjA4WBP1aFb9kzuExfpmpyAn4wvFMvgI="}},"OBGmmG5pl1tdcL6z/Z/TUfTQfXklFbUshymsJQDkxS0=":{"valueMac":{"type":"Buffer","data":"ko9AD6yD5S2rBS6Eye7RZmC1D/2xdt7Cwfx4CGxsiW8="}},"OBRQPmVdedvxyFIPnoNP4E63xK0iSSkD3pLjbIVi930=":{"valueMac":{"type":"Buffer","data":"HsiN8ejmh4q6imSUNSrAGO6iLjQGgmfxLK9m7ifumX4="}},"OkNhWcVtOsMWdwsIw6t5srxADXWjb8PBv840hkHFFNE=":{"valueMac":{"type":"Buffer","data":"92MrwpspzcoOEew7m94zK5EBjSXhWU7V8+4s5ldUPQM="}},"Oombp/ms5RvNhtxHJVRQixnY1VxJmNm+TAa9R9eSiVQ=":{"valueMac":{"type":"Buffer","data":"XZkA1By/SpFecpYZiV86DcoXKHhvWP+4iTSIojN1gn0="}},"OxM/Suly1HCbtyUypw0BClILDFqJVaDxTPOQZazx3ic=":{"valueMac":{"type":"Buffer","data":"jTgAsiG9jKto5cxkNrxCaGWNZ3xRU+hwZ2fGANpu51E="}},"O0VDYA4izLPr1P1gWFx347+r9Bgd1kT96Tc6P5EFQnM=":{"valueMac":{"type":"Buffer","data":"BJJbp2A+ptMLiqXt1ZFRNDnxc6LNy0ZI1gUeqKlfZQI="}},"PKW+keSwuNxmmQCep13wktknzwThI8x/T6pdh4L45n4=":{"valueMac":{"type":"Buffer","data":"wMBtpUn5O20gFICW0K/QCPuhqzOFhWGLrGEL0OxzT5A="}},"PQLVz0PcjL04M9cnjop1Q2EcZby5Dd/3B8agwuqpVnY=":{"valueMac":{"type":"Buffer","data":"MemoBAKT6YP9mD1S6l98JMog/6fapbenOjuIHbOU7Hc="}},"PSWcjYaKQg3ddvowcm/3WUtscDpwOHHCbiaRYxknAaI=":{"valueMac":{"type":"Buffer","data":"GOro5NIa17lCJU7vrkTvJZf1OLyEz6lorPkVy+yOkdc="}},"PayEhES4BZ6F4q7bfsWZ93TFG1Zs+2x6YvbvDd/j8Bw=":{"valueMac":{"type":"Buffer","data":"TmaRX0hF4pdcjLaKdESj+7EP9BgGeAETvbcVAgrK2m8="}},"PeQlUDm1mIXmJCiLQPUKZ8jfa/WMF7rGxyppzNdQH4o=":{"valueMac":{"type":"Buffer","data":"ew1ZyvesimRCDVndOfW1YisqWk7ayIQm4xE7HcD5gaI="}},"PebNd95l3+dBRdDBhP4txx7M4RXCtwMiPF1tDEM/V0c=":{"valueMac":{"type":"Buffer","data":"yrBZXfX1HnP5W06dphmaonB/JMGNPilvNcDfVpMP+dA="}},"PjVpaFIY9LZQRgRjCpjNH1CzlfesVPySW08A3kY+Ijw=":{"valueMac":{"type":"Buffer","data":"xyszghRxVBaVvlTiJN1XGM6+uImp9G5VZYwCcngXKkw="}},"P4j0lMNnz2Oh3aHKsfNYe+bkSD90MXozJIMUjpHOXbI=":{"valueMac":{"type":"Buffer","data":"nDVazuaJKZDA0TL4BWYK0N3A2juXrKUYCLpQ9zVM4ec="}},"QVvRmcgcM1ZKSQHXYAyPGps5Hl3b2ybYROpcJT9exAk=":{"valueMac":{"type":"Buffer","data":"WwgNJ4G90VncJEycEDyUln9lbDq7R0f7xuokyx6A3bc="}},"Qf7rSImjf/1j6QnV8oVwljGXeZTRE9DfagnuJTO9D3M=":{"valueMac":{"type":"Buffer","data":"0Pf4DQVMHUh1M0c1KeUAfYfmrBHVMlAkcm7/8fDAvmk="}},"QkD8j6Og6Y17EqqNtnE5EusnBqM6n/Uot7Rf6p2+Y+c=":{"valueMac":{"type":"Buffer","data":"R4y7hQaxepw2eQrDObOljuM7/ohA4ZQzcMRK4trwj8I="}},"QmjS7eY6AjB+YW4UdOQ2NzrFgsB9BmMnLUECCyKTQN8=":{"valueMac":{"type":"Buffer","data":"PiR0Yxk3GEdJB/3QUTP0SBC15CeWwj2FfIVIlGY0wl0="}},"Qm08WVI+8MKfO5nVE1+xVK8/LlmOJOGgo/+1W1YHA7w=":{"valueMac":{"type":"Buffer","data":"qd0BtPkdS9XYm0yRoYxfAGNcwzW2auq/F9Z2ThOgaQ8="}},"Qst2OhKZpU26tuzw12GfbMAxvFvOoLBHZAcbK1JngnY=":{"valueMac":{"type":"Buffer","data":"GhxqdryX4TU4Hy5z6sbwkY4f8vngjChqymQyOpDi9TQ="}},"QugZQkbVTZiv60GPPHxooAvQdKVMhmRmn3hqW194BdQ=":{"valueMac":{"type":"Buffer","data":"3AizALBfiFIzW+FCJdrs/WlMnCGQZEZE/3nO8Fuc1mk="}},"Q/D2vn1lD/BEv7I14oh3t+Xa3QgrobELCj5f0YPIuCs=":{"valueMac":{"type":"Buffer","data":"yvhO83Yrld1RK4aHO8SiqPb6rRUr2h5/9fh5nNmxCrk="}},"RJ6OMNEQTHPJykim0dJQEWKmDrx/MKZ5jPfRdzV4Rww=":{"valueMac":{"type":"Buffer","data":"kLvPI5K6Nb0hglVrDcvkP5p8pU0hL4iHjWm3ZRwThgo="}},"RNUeEzaf4tg8/K82+CdYM6gLLE3QODXoMcYi0K9iHwQ=":{"valueMac":{"type":"Buffer","data":"dnDxJBAuXW18tlcNC3Zpb86ILSdyc4OnYlj1IBR/dl8="}},"RSNQwNj2Leg6ZMDktMD4M8Yznm5/zplIcZxthfYs6N0=":{"valueMac":{"type":"Buffer","data":"vzoJaUFKi8UP1t1z8pK+ggtAJ38WKcBA28O7pkOAeqw="}},"RXdSZHXikW+7vb6/BSEnleoVy+URhE3zCYDnhVy4u64=":{"valueMac":{"type":"Buffer","data":"V977FVnl031fRbHrc9mWM9q9CBY4UZFk3d/DCzS8DhQ="}},"RaEVDtHjXihHcJlsv+ksXwqCWyRncg46Q+/R+D0TnDQ=":{"valueMac":{"type":"Buffer","data":"i4do9NqFPRKJMeAUErPae086CM8TOztnPrVWqlC4EjI="}},"RbxYGmqIcweroLVqrFkuFK16Cbr0DasFByGx4IRpuNs=":{"valueMac":{"type":"Buffer","data":"92mkMM1joc3M4g15OAQcCwZbSwYr9Yv/EdTomgbh0PY="}},"Rsl/8UO5aLjkSQcCq9gacDo8urDXw2wYJ3TN9VOPCYU=":{"valueMac":{"type":"Buffer","data":"Mkdj+DDc0MUYpKnjaxjnPS/xm1SvzWPO3ffX5YgEjlU="}},"R0ufXPPGeZR2J40ZN3yBNUA6U0FbPUCBsA1z8PTJzxg=":{"valueMac":{"type":"Buffer","data":"USGqHn/fB+WwNuZO5/eVM2DUpWuyEOnuWI4QbL+E09s="}},"R465v1+ME/scLCqAWJOSxycW3vjQSOZcJNKEaXjWEJE=":{"valueMac":{"type":"Buffer","data":"kXh5ptnnPL9xjo8IUU1I03lfw9kZUBLsLBfYeCNalxY="}},"R+wb47oOg9shWa9RzTGTTJAPDc0KgcSBaJeLGNDOynU=":{"valueMac":{"type":"Buffer","data":"IaU0QvfFSwv7OeQaJ4hMqS2UQhEPHr5stHVDHvMOZ7E="}},"SDe+Ea94JmKpBCb9oguc9WGUDvp9+FB84+cL89EwCqk=":{"valueMac":{"type":"Buffer","data":"zr5UhtrXdVlxDuzDJIlYLdlgW1Hr8YTk9GOTyUvHUds="}},"ShrP1wdlI5eNGOPXd1g6CA1P2KmWe/ECZ25UMV/LhrU=":{"valueMac":{"type":"Buffer","data":"GC/EOm7N2g74aNUTfBmxeh/cPYEr3nNBcAR6ZQcmpAE="}},"SlJTF0nnqExQBz6z9L322qMsTlN89PhPDnH5J1F5vtA=":{"valueMac":{"type":"Buffer","data":"+nmpoWUbGSFPLu7ANLggGM93esKKdeJcogSAMXrDECw="}},"Sl2c9zSfyJ6c/Bnb56hvuJWGnVlimmLpC5SZHYu3nsw=":{"valueMac":{"type":"Buffer","data":"6QSOVAmP0ogwB3Q18EB4MM1CAfMYsZ1rrFgQgE67oxE="}},"TAu2sH59ALW8T/53eNWZ3jAx7bfKx24E3HaTUMyLUQA=":{"valueMac":{"type":"Buffer","data":"6lM9M9uOKXeYyRfHEPRI9YUbSuYdSZmYMfxxHr3gA1U="}},"TCrl/oav41B8Hpgh2Bt22YaAiifuHU5ytt3JpnXH8aU=":{"valueMac":{"type":"Buffer","data":"JJw998aX3sIXBDLiMGXXROzze4vxmAWXpITHc/seVYY="}},"TPBYqlBKc2BDdu2SUVWgBvFvrMLiwdnShXI4iBxN1Hw=":{"valueMac":{"type":"Buffer","data":"ZHGhhfQLQQnBqt4NoD1aW3VKP/lXJz4Y09HiueTUHGc="}},"TPD1kTAH7tTau7IG0mryYt7ktTo1eIWDw/4gezlIoSY=":{"valueMac":{"type":"Buffer","data":"M5jqT+iUJiqdjk9jg+76l73Xj9te+lDmjLbo+4IoasU="}},"TS46+PQnjSbU/3TggQ2aKJLyda6D2moqWBFGUTlST78=":{"valueMac":{"type":"Buffer","data":"0o9bjaL6XktQJ0ovq/mTK6/cox2kAek+vUB84KF3phE="}},"TXh7Pc+VPjVwILwjMiM9JKFaDtWbKpjrMyyymCA10fA=":{"valueMac":{"type":"Buffer","data":"ktlhidK7EzMA0w/+HUjnpooBEGN+6iJLl4ZrZcCw3xg="}},"TYBvAe5fbdprsdjmQF0rW9jpgYHNcn7ED5T4nYE5oZ0=":{"valueMac":{"type":"Buffer","data":"j4wiOORLkA2YRFeVS3zlwh27EqY+C58vELOPs0OblCM="}},"TqtzXKaZVGmfNV0XSiEQt+mzini19uyLFi/++tb3RMk=":{"valueMac":{"type":"Buffer","data":"kVTIq7tVa09poCWFEHEpdpjaoZWWWMr/yS3XTu+2mUw="}},"T4XAoDUjRckJsCbOHaUHKarsLhYR5cCKuHPHnSKjszQ=":{"valueMac":{"type":"Buffer","data":"+TiVKsB25qlg+XyvW0aez9urWDNHZ58CpnSs+hnAcKg="}},"T6FhpLtXa3cMaLTKrP35aoeNALO0clsEZ8RTy0iPD0c=":{"valueMac":{"type":"Buffer","data":"L3z2Aj/wN2AiMtoRn5oX9V9w7XOlsTshPiGO/VNzhwM="}},"UHouafcN5zfdP36qjiUHWZbqfLyy4ZV6tG95FF3ZL58=":{"valueMac":{"type":"Buffer","data":"FA478vGB0h+ytRDLIVZJrxGspiGiuaFUQ7qezEaGP1E="}},"UKnSN9XStzhERbH8nz7CTbT5iGFizECxZ96D2XNkn7o=":{"valueMac":{"type":"Buffer","data":"grccm+zemalsiyOppNadplzYz0rX/KdJ1oOjPEhy7tA="}},"UMArk0a3nR8+bUcWgN9edfYrya2TQkf3jhWqGmEB7s0=":{"valueMac":{"type":"Buffer","data":"9DbV48nhYo1YMS1O3JSOdJ6WUKRTpvoHNyDTM0m51VU="}},"UTIWTnQu+xUYYJHiHSsgeEcVLB7DrGB3BhyCYHwiP70=":{"valueMac":{"type":"Buffer","data":"FER0pa0kR9UHJUnAYdD+/PvLiFXaoOLwFI1DhH2wl7E="}},"UWKBAMnti7GFZa6g4ZHLs8dnX4LPxMkdq1vn4Oo0DDI=":{"valueMac":{"type":"Buffer","data":"Oeqs+22aeTS84GHojZ+EKcshXbsRWBfGh5tNO/loy1A="}},"UXSAZ4fymOEqTj7Xj+A2fg3mshmVna7Aq2O2137gGx8=":{"valueMac":{"type":"Buffer","data":"OylLXXgwOmcFLuTNYHkrMmV8jYveX/0pXKz1F7gcKcs="}},"UYQ4TaXjxSy2c6X+CL3DZxyw7Kos2jHKoxsEFw3+Mcs=":{"valueMac":{"type":"Buffer","data":"gMo6lFmGgv7VQbbTCrQk+DJu0PmlUGSTV+hmiqAuaCg="}},"UbxdbEgtdt49oAfn70XfeDRQp48BzLAbsLZZmeZiySM=":{"valueMac":{"type":"Buffer","data":"yTR0R65aoihvyHLZibRiNNuid7/jDKzdWbg0DWFxji4="}},"Un8mLdW+Eas/6au6/NR9dMl0DvSoNpWpgJAoPXsiAXA=":{"valueMac":{"type":"Buffer","data":"xKIM7ENPXZyKPc+8kZoeH9HSJXjPS1+sD5ZiA/emQSg="}},"VEtI8LgaE+/wOkTapFFMyRjbmgVQzdef42fKR5bqgtA=":{"valueMac":{"type":"Buffer","data":"KtLBZVB6Ko0o4J5y9ZH3zKevjqMoEPuvhdozGo1i7dI="}},"VeSFFt875Vv9YsuKt5B63KUZE2YxlZF69TflTdgS/SU=":{"valueMac":{"type":"Buffer","data":"ssAfeubnHRp3qg2Mw+2OhseQUcYUnC6jtqr18r1Dj3s="}},"Vkm5qudM3AkSW5x3xY57OPZZkc/84gPHo935Rk/TdYA=":{"valueMac":{"type":"Buffer","data":"sUT5o6oMoydgyBKTl3CFQ7QJ8bQmt/P2wXaBYfshMcs="}},"VmOD3VsMbndOuYBwYeSEFEKZTGXkit0TQiBbhc2tLxU=":{"valueMac":{"type":"Buffer","data":"NwDTWLM49QhFkH28NadtvO8c9WaJFh/M1/7lt9DNUQI="}},"V9bvdvO456rRhOWZs22CmGR8zXi8x/IsSUGWqFtBlc4=":{"valueMac":{"type":"Buffer","data":"J47xTRbxbvA8LBVyK5AnJlqi+iiMeMoOJzyaCAgqo1Q="}},"V+fL5uX+1t5C1VlM+LFkUlzkQsSlLEIujv/Sf95LNP0=":{"valueMac":{"type":"Buffer","data":"xjG0xuoiXwgFxq6HOGYF9Q7vRbkTc3oGx88Dz9IMwsQ="}},"WDQ7r2Day1CjbMOdSY3E6dOZPhwlA/VwM6yfpUGlQ4Y=":{"valueMac":{"type":"Buffer","data":"ylxydbjrjsf90VNK4/zht4dEizMdYFLA667BcCUMOM0="}},"WT62uM70Jf77isne9dz2ImAcepF8G9WuN+qb8DEdOtg=":{"valueMac":{"type":"Buffer","data":"RsJcNE3Wjiu41VBx14iaIntYhWZ25+d5b+wTDJnarTU="}},"WghsIi+FRLOcIjCYNHPOHK9LTjxmDrFZEDPiiiCB/rc=":{"valueMac":{"type":"Buffer","data":"SPdgSN4Zm2Tg5WxEzvGxxlsfWUi3E6sBeKmEVOd2tgY="}},"WyKBZWXxdrZdzekp7oawZxdDl5MQeMgPowR4mCmsydk=":{"valueMac":{"type":"Buffer","data":"PUNmYhxuceZlp4/QWUSz4hnXTCDASjN8HiRFYXBffZE="}},"Wztp9SLkh/KTaX4I7tRl39TFpdLTpgJl+IKqSv4zcRY=":{"valueMac":{"type":"Buffer","data":"6wq+gv1R9mI4a2d3sWKn/4HhHEMwh2pMg2rSRc1pvm0="}},"W5TA7cCeCcteSthOmk4Byn5yiinxaJUMG1mewJcIRpI=":{"valueMac":{"type":"Buffer","data":"i76YW6kw6HA1J+t21hzoFD8dLsqVWldS7v6B1sChxJ4="}},"W5d1AqcAg4d50MD1Ys6n597AYCQicTaGTI42uBLiQWU=":{"valueMac":{"type":"Buffer","data":"7F192vgh9cXvfE/hrF+7ad+nzruyPc9w1K8ozWawAF8="}},"XaTog35snAiZan7JVmCU8JkQDfTbA9n4D0TJeE/rVHY=":{"valueMac":{"type":"Buffer","data":"vixWPzfbIXElE89vcq00zPAfskjKanV24OmbiFoOor8="}},"XfHofnJ0GEz/dob3ly4QWM8dUYJhLv50+ju88cmjaa4=":{"valueMac":{"type":"Buffer","data":"91m4799s1AosrOn6y8d95vYjYVYb2qX45S03YQJqS+w="}},"X21rPu/aGO+KbuEZPWB+1eK6x23ukZipKAhp11CzMOA=":{"valueMac":{"type":"Buffer","data":"ccouSkEo5vzABDiglUBCfh/OsTIBNj8yVDAUGAygAqE="}},"YH19qB5BGU8m5Dy8Jn7/HTiPDgdt4Q90OzgrZzxK+1E=":{"valueMac":{"type":"Buffer","data":"IgJ2munqc6VtMIwEFz1/rd1uU4W+GuzxTsz3GejRDks="}},"YXUO/kSp2StXgoVxxSlgSCpT0CDvMZewcWz4fC8d5RQ=":{"valueMac":{"type":"Buffer","data":"t080+tVbWi0SK6E6cbP+NWiUFEwDP1dcQWcitU7NJdU="}},"Yg1/KIoPyBkoUThpSKom0w8TupcO4FaN7KmsZ0Nmn3w=":{"valueMac":{"type":"Buffer","data":"fSAjcfld2h/w7hBNcZWyny9KHZ+6cyTDwMhN+hpPW0Y="}},"YmA0eUvv4PshqAAkazNpaaeCU3eqXSz+IcOUkjOrkeQ=":{"valueMac":{"type":"Buffer","data":"1LcsQzO6dRemVcvJcKJ6YyTned+RKc2q9+dq9FLez94="}},"YrQeyOzHBcus6wk6q1jm17zLX836nf5zEJOo7gDCC4U=":{"valueMac":{"type":"Buffer","data":"tGJ7uDLBzGZLAoXLsCTY8dzbq+h7IZjoC0uya5A4FJI="}},"Yyeci4+5pTABqKYZ4iasOmdcRXhjW59sP3fsJvtLMi0=":{"valueMac":{"type":"Buffer","data":"+rdrVqVDZJw8a3DsuzGjxjyfkT2lQ+BqiRXSpLRc7rw="}},"ZE+IeuU2wOK+851iAYrsUNKcBTyo1Fl6ucNEFTtmoHA=":{"valueMac":{"type":"Buffer","data":"hnmQSxHvo8h+y9bqp1/LMG6GMPcukuUG3THd9zd3NF0="}},"ZIycUM+4qm3VdkEQQsbZm1RNoVMPZd4+PWGe6ddmMgA=":{"valueMac":{"type":"Buffer","data":"75ClqW0d4Z8KN8gp53NeolJl60clNoK9b4mIVhRuxSU="}},"ZMU32Is81Cb4KZ+UTFAl2/gDts4o82BgmliETYHh/DM=":{"valueMac":{"type":"Buffer","data":"PlfS6m3NtzOWaLO5UyzAXUQA4vKlhwkbr6dyvtx0djU="}},"ZOdPRdZiQc7jONxSiDRS+xG6om22eMaXs7EaYt0Rfrg=":{"valueMac":{"type":"Buffer","data":"JFkumGI2IXW4vTUgC3gHXRqu1igmdf5o+tmV9QB7Et4="}},"Z+X22G5NUbj9k6R6sRTgAQPMdL/RX9GNR/r0dhnruPU=":{"valueMac":{"type":"Buffer","data":"PzMnVJaq8fTJXh0V5HnIYkea0wMHAV5u2Bs7Qf++XPM="}},"aO7cv4OyJ5G6CYzF9aFSOHX9scpi9xlaH3CLukiYJJQ=":{"valueMac":{"type":"Buffer","data":"8oYhUJyH+DZZ3I0RdS4eajNG8+uosxcQJJU7HIc0rXg="}},"a5k7OJT6b8TZnhPeIN+0up0nqXpoG31oABu9GgwqfTM=":{"valueMac":{"type":"Buffer","data":"ywGo38aXK7wP7uLHDdbGWHYmHMC8CPxPKyB0CkPxwAc="}},"bBH0triK1unwaFIXg0fINY3hpT0OAqGF0EoU177YSeQ=":{"valueMac":{"type":"Buffer","data":"O/3stPD0syTR+7IGs5cSNh3FnSvUWn2pH4WB/4bHxYw="}},"bGzC4XmD9PEHFRQEh9yMEU7DYQ7R1Eq/VFFo+31gaEo=":{"valueMac":{"type":"Buffer","data":"lBv/6TnP9FA0uGvXy9VzXX/H0J2pn7E41qfHxx663m8="}},"bUdlhLfQc6oM3E437QrYmYY1WA8K945MZNic8qTJBLU=":{"valueMac":{"type":"Buffer","data":"LOF0Qn6rt7mbz68hMZqieTeUwspRbdGvj+HSmLHPyOA="}},"baQi0SF4kbdQKXn/sH9JiBV3lQ3D+Ie9A1hcFW/M0wE=":{"valueMac":{"type":"Buffer","data":"6AMnpqYzukOUw0kzZeS+XLdycLiJB+I1CQtaUqyh37M="}},"bixzYpjts+RbbhMajzN+k8jTd2amvSpFPcFMxE8rnyY=":{"valueMac":{"type":"Buffer","data":"R0RX5wuZhI3hyin7iNpUuWV5sAxrFjCxJSzo5/6vgF0="}},"b7idZFGAdrs5OkRQrkYodKaIpukMuPJKOzFa5Bua4iY=":{"valueMac":{"type":"Buffer","data":"48xpUc0skcx4lu3UuKTjgFzpUh5uDfnSD2yMPRyjMCk="}},"b9OksdGlVNwy8gi6nzyPk1XmPEWyb2GipfF19DOx0Yc=":{"valueMac":{"type":"Buffer","data":"kFiaK4inny+SzE0tS7SxA8e1Og2Hzwz6x4reJaxY6xM="}},"cPuY5Gvr85EOmUvvAby9I3We96KLRRxsYEhboli7f5o=":{"valueMac":{"type":"Buffer","data":"Q8kc9CrxPNIAbY9NfpF1Hqp37tLDWJkBRBtz5jYO5og="}},"cUinPmsHWwgaaTxhwF/GlFivyIMLMzvl7lB3f0huV3A=":{"valueMac":{"type":"Buffer","data":"CW9vI+DZo254/kfpCHaDilm+zouWlg1tKCf56E+bQIw="}},"cg8mTjDnisI/lYYtTk1eKueWiwqxQtIEH7SMTqmoz1g=":{"valueMac":{"type":"Buffer","data":"qXISiTFpyvWKGmRXExggXyLV9b65JLN/E7h1qas4clU="}},"chtL3uafMYgW9vzYj4fNmPN8fHu7wrXJlfkkGqS3SSQ=":{"valueMac":{"type":"Buffer","data":"JrMNnMYJUKH7cHJ/Y6Tv4A+qMsaHVQ/4fJnW9TVb13A="}},"cieHYSouZPOaJnnoXHAAZa2oMdG4J74ePxMLUDW9j3Q=":{"valueMac":{"type":"Buffer","data":"gf7CvZUc6hhvninh0NBgOBB3EXeb8KyzfMhwDKIWPKI="}},"c59URde+G4qfsFTfDlNndzKfXYYphxjkU1bcYfM3hcs=":{"valueMac":{"type":"Buffer","data":"NIRMPefm4UyD1iBctUnT2/0DSClp7848CFsQWqwXsNU="}},"dH8BP4fiAQAoXvDoEAG2UmpThdB2sxtGJmqBhyGnGc8=":{"valueMac":{"type":"Buffer","data":"CsxAcKxnvgOC/LpuBceu6AvtneZNDKiway1yA32nLow="}},"dNjxcZLlUELjyqAp2JZR6agG7k261U5CxYnoEOuDgzg=":{"valueMac":{"type":"Buffer","data":"YN2+x6Vw4/3NoQ08BfAMXrN+GFCR/jKtCniOyax/y0c="}},"dqzKP4/F8Fqq0tFr9Nyzxpm7C5cu3mMKLC7H4fsTAKg=":{"valueMac":{"type":"Buffer","data":"eEhpqsGCGV/yycSPJlT41i/uXqp44cDtdZe3LM8jthk="}},"eA48SkK/a4vV3Wspv9logKn/TYcv1yYzCbapIGTzqSQ=":{"valueMac":{"type":"Buffer","data":"KcSVMh0vLkuAhCie735c9+qz0kVNE+jMTBDkYb50Wx4="}},"eNUg3ECX7y6aNhWewkJsE2DO1D3+/6lrAn33psgBm8w=":{"valueMac":{"type":"Buffer","data":"bvb9IlKuhnyobItpTHCllL8A084/RgIbfrbfWbdiHiA="}},"ehLpCo5IdBIS50o6VLLUWA4QEMenk3/l3VKJU7d44Rg=":{"valueMac":{"type":"Buffer","data":"iKtLuYKYoa8RSDcW1bmYx3IGUIaCBcxzL2OCIKmG2Qo="}},"emZKJjcS3pr8GmP9ZTDBehQW8p4JV8YRPo6UiMA0rvk=":{"valueMac":{"type":"Buffer","data":"G9ujyQUcLAT+4gr6eNbhwB5TveB7LS3Ni4UsRQe85Tc="}},"enBD4wqvN1guXrfZ2DNGcyLWFAGz6OdVemjpcDCNDt4=":{"valueMac":{"type":"Buffer","data":"2CtU0Hfzw5sXcYSfh8auMIMMWnf0GUq6JFpnxAw9KtU="}},"eySIwChrcPufXDhF3SD+ysSpWWYAmtc44m7m3RIZTaQ=":{"valueMac":{"type":"Buffer","data":"9xRsuqniAXrFxw5Fclmbcg4OtzuTwMG+OeHDUhnfS3g="}},"e023RUXRMAVOGTGdCz5Tp3R9DnwXjrGxWVogsJNnA+4=":{"valueMac":{"type":"Buffer","data":"80/NW1Im/GVaJEKzKxUlUJCoHvYu+yU9ejC8/GKbxcs="}},"e8M0x54K/7fuORqVsntYFZGIEblXKqumfthZOb6BFYs=":{"valueMac":{"type":"Buffer","data":"vGTEJmei8OjbMCTAXykJ9437P3YPfoABh4LbQwUlRJo="}},"fD8QhjIy+0gXCQTyZTUBLrneHdWdjjxCrIzihSlq3mQ=":{"valueMac":{"type":"Buffer","data":"sEFxhOv0LZ5az8mIU/Vts4oAawurfa/Sd8ms9y8gy0k="}},"fVbboXdrI1AbmeFzwmxY8jG4rsQmVtowOJlYIA9Gt0I=":{"valueMac":{"type":"Buffer","data":"Y5i48XGZNPeyW8L+W4BYt/jwrebTX8XV7o96UUtAgWI="}},"fYms0b/6qd0KmJGJj+ruqyVcCxl9l7Ca3RYInJY2Me4=":{"valueMac":{"type":"Buffer","data":"CFFhWk4a6v3Fkgx6sVoqvXfPFVuxZEmGESvMCOlzxWA="}},"fbBJ/hR5CsZBeQ2x9Cym4d38EGCdfjU226CmgHwDC3s=":{"valueMac":{"type":"Buffer","data":"j0OrVPKYgLZcR+P0sgQUgwN70RZN9MUnX/ikBkEl7ec="}},"fcinbIIb+ZLHb6Gf6kjBn/K0+ZEyrJTnrRXCxI/KB+E=":{"valueMac":{"type":"Buffer","data":"75HJEoJVQzkmqCGvwxa94OrOimuhyhLF+9qAdVP1CQY="}},"fqrqrIxSCecdS3AjZOMfhWgkeAhkscOuU3MzQTZNzrg=":{"valueMac":{"type":"Buffer","data":"d0XYgFwYuEB91KnxwSLdlt42T8+VB10vF5ujWj1CQcc="}},"fx2fyQa++lWZfY1hQdrkWO+U5Mw2eOBE6DVBg9N4op8=":{"valueMac":{"type":"Buffer","data":"H4DefqbGXhROpM5mdJx+yEbcgolrCPRvbTk9ROFVFHs="}},"gQjf8hOquU03Fr+0HBXsAHoaPXqfbDfiDsRJ+sQ6oUk=":{"valueMac":{"type":"Buffer","data":"mjP9uSaqU/rpCIs7dOObtS5OX3RJNM9Zmxu3QAlE3DY="}},"gUUgsqulzANlhEPex8gQ9zDCUzst4pTDL4wPf/7XyXg=":{"valueMac":{"type":"Buffer","data":"hML5Vu5vdgWnQtdNQTt7a83GczddcQp9tEAVnlhmcYw="}},"ghfTOosgAOimhZsyBaJ5Npg5PlUi+S3A1471TFLFkJM=":{"valueMac":{"type":"Buffer","data":"R/bF0EJSbC1h8NUcg8clmbgM+KEgDU7cijpNeUl6Wdg="}},"gj5223pP9cq9B+rZUiPxTng1vdp7YmX/Ne86XGTjHd4=":{"valueMac":{"type":"Buffer","data":"kfUci2i2J37azHWuUl6/Ut7qDYDx9zdy4xXetywgJvk="}},"g0gYSQ4kJBQ+SRWCNOXZdxjkICv/8r6a9PlIZrhSb9I=":{"valueMac":{"type":"Buffer","data":"81oPanNfzY18gn17YyF0IORXweXqeTaGXfTtejLOoMY="}},"g+cyP8w62zkOzQYuzrVQIh6vZurmQa0m8EdcR9DbUUs=":{"valueMac":{"type":"Buffer","data":"9vmgRvsn7sc+dyPSzcB0EAGD7q57RijA6Vi46uwLBso="}},"hLbiNs9+DHMoZLLIimogN79sPCZVKlp1l5dX1btQ5Do=":{"valueMac":{"type":"Buffer","data":"mf/add87QNJWqYFdFfDAJdm8b331tZVcLL3o061b96A="}},"hOqclKv4ztY5Yt2t+ftECEwsWXhEIwruvL9kR0ipeeE=":{"valueMac":{"type":"Buffer","data":"iEnORTwecTvSYu9XOEo18zM2MmE7CVlLBI2jz8bKkgw="}},"hZLwLLZ2DaJnQVZ5Qf/eio52EOKLwxJ8glzMDUigSqI=":{"valueMac":{"type":"Buffer","data":"/HJws7W8H0W8xxRTmf/W62KHDLo87iNRoAGXtjk2JdM="}},"hagBLnVYlxWqgBQRRYTcfI3/EJCnVne4hFwuk9gDMqg=":{"valueMac":{"type":"Buffer","data":"MsugsnX79vhmQt0w5FVKsWOu5VWsAdS0hT1ylrNWsS0="}},"hbef6d/9BPF+FSsX/lffb+9ZNSJoqVamaJJHCXBaf3k=":{"valueMac":{"type":"Buffer","data":"FGGH/WjRT+8MrixTYINXsDrqxOlUUIdCXV+z1rPjUCI="}},"hh7qq23FmI9LaR1iHLO+2hhCdQEuEkgGui017oUtwrQ=":{"valueMac":{"type":"Buffer","data":"7UljX+EVx8ooTaauIPZBSxZbPn13acHxK5Ckoy/DX58="}},"hukFgcoKwCqE5pmv0DBKvsKaaAiXGwq94NYZS35Cjvw=":{"valueMac":{"type":"Buffer","data":"kXu9C7pVMw741nVqkDRu58EXnmHaXThs5d0hz2j7ggw="}},"iJWqyYAVc9AAccTMybeazxCROkt/34osCYn1liFcoGs=":{"valueMac":{"type":"Buffer","data":"q4Gc3LPftMsNMnNNvypc5gQKM8MTaYBSvrbh3zd3ZJs="}},"iMsG7PQRO+Ea36ox92jBNwtoDt04wWxnYJvG43MEtTk=":{"valueMac":{"type":"Buffer","data":"wGwDfgBf785Rl2VOHjiNp4OpUgsHgllOgK01BT6TPD8="}},"iT9EQHgWb4Vk5JYuQG3UbDTi2NvkTGRrgBntgcp6WFQ=":{"valueMac":{"type":"Buffer","data":"/bCp0FkjyI+sc8b6/D0TlVL6cWYn8qe9JBz/UsrTOk8="}},"iVzOwS9MLGae1lVwWlNqp+Wa3VGyZSM5VFrXQ2WYraU=":{"valueMac":{"type":"Buffer","data":"fYRj4BxXmRvRJgidwQQcurBT3UgHfZXCgeEAiw+TWqk="}},"ij9u49eFgmyNbfoHkYkWrZR03UzAh8j6SBEqxZBVC6M=":{"valueMac":{"type":"Buffer","data":"RFLQROYExuXOjmlOqh2zEVQcEO8Cl9UKZjETIa25Akk="}},"irCM/wipZb7cFYgpaL62Ivi05b3PmeMrQA2aSSsGH/8=":{"valueMac":{"type":"Buffer","data":"jZP3aD772Avy0dwhz25BQ/N/nlxj8vi13D6/iexoNhw="}},"iy6NFkFL2h6OFgbaPJkGxyw1xzjnbHQrYQ16oiVVUL4=":{"valueMac":{"type":"Buffer","data":"jMewZWi3qoQ3djYBNO2HHwenPhzLZidlKsDwTXzvyXQ="}},"jCTkIy86spOKOwNEgE7rsl8A9YMATVNexNLzUUneA/c=":{"valueMac":{"type":"Buffer","data":"5duHqnHWkS5xXuU10HVerDJ+lQIhcS+zCbjMo/r1Yz8="}},"jJedGbW9sKdoHNN09kdqy5eKmRa1/Sxf/vKKz8HVQq8=":{"valueMac":{"type":"Buffer","data":"kzWVFPGuCwalG1jjk90GDHGFMtZEjF89u8MDY+ggl70="}},"jON8VMJY8i8Y8oc9hTRqp0Vt+gVfjI8JXDb8KBB570I=":{"valueMac":{"type":"Buffer","data":"JS3cRnZTMlAdvjOKi28eU1MnTaDIBJxYRvpZuz5pWnA="}},"jXa9WLZoV+QU1pSkCy6WbIH0a3RCj4q3hZBrpeUiqi8=":{"valueMac":{"type":"Buffer","data":"3J6/TLPKEO+0nANThJm6GaQcSmXot5HoHLMmhu+tcPs="}},"jYrkzmNlqAr8Bt39R4EjzCHyNlKfq0ZLZE7l6VBQ1v4=":{"valueMac":{"type":"Buffer","data":"zJ8aOMXtvuTRi2B5H+9gpTilqXQ1sjpT/26U5ogbt/w="}},"j3eqp2PttXpVfLtgKu0sEqncuGD21JrkU7UDWSGiRl4=":{"valueMac":{"type":"Buffer","data":"4Ff05ZBN3cHxYCKk9SbE/8TgiOO/2L+VDQYWZpEJyb0="}},"kFnVbTpTpy8P4DHd3mRRv9kwv5M4vze41by4uddsa4o=":{"valueMac":{"type":"Buffer","data":"QhG83pFTBnMnGyuhK/hiViC4rXtpMHOCc1JIHel2968="}},"kJF+BbhxltQRWgWnL7M66AFwhIfymMtDcXj2mnr4HWM=":{"valueMac":{"type":"Buffer","data":"2vHc8iYzm4bKNdy33XqENgT9mJ+oCS7g4jtQgINeduQ="}},"kXbOVFxaEovAyR5zs5shlDJ9BaC8JITF8kRy4BSDtyo=":{"valueMac":{"type":"Buffer","data":"QIGl20YxBykqO8vsr2iN4IBAjc09XtD0PH4r8bJKDuU="}},"kcq0L52Rd7ZO/tWgqD1yTzLWrOfsnSrcavevZJtENL4=":{"valueMac":{"type":"Buffer","data":"2W516swXhlK9ZS8o9N3QUKooCdJz30x8iOegN4g5M1w="}},"kmmRjuXWZxIjmGucFghWYrobpz/2o45EqQNQ488R3Lo=":{"valueMac":{"type":"Buffer","data":"F/qbbcY01h/xwiuwv7cMbIGO/8gvL/GdH4IUVppm3m4="}},"kyhylvM4827VXkfILFHkeqFJIwwOtezFTTMgmVHVeaU=":{"valueMac":{"type":"Buffer","data":"RYhxRD8Qp5/Qg0hh5V6eBDZkR3uy/dYrjC1XA35wzRc="}},"k2EEYahmywLL7KJsKCa2xahpF/P/ymi1bSS/j4Xb970=":{"valueMac":{"type":"Buffer","data":"T2eUNKiAhZn7X54WYjtPHSPRDaA3hvVZJRcsVD2n6wI="}},"lDrunY3mTrcdh89KDnIe32nT7a40FD6Jm4od3qqE5/o=":{"valueMac":{"type":"Buffer","data":"sFTKaeVRo/AO4HWryoHKImB4V7LBeUEsMY72DGCJE+U="}},"lHDdxyBPghSVzhWVCe6PxwVyMarDcg3iZlLHWT85Y0w=":{"valueMac":{"type":"Buffer","data":"ot7QUq+W35YCWJNPLXGfp5w+dxKTS9b4mPXaZ7EfkkM="}},"lVHamgwVEWnj3cdzwT/VaOD52PNo7fHLmyyoFmApeHI=":{"valueMac":{"type":"Buffer","data":"aTl8huvGZbNhWW6x4icqiYnYX2jfdgZeua01srEgunY="}},"lXRZTa6n3kGJBRJJEt8bEDSwoLU4aeNYQeo4+rm3njQ=":{"valueMac":{"type":"Buffer","data":"hsooJ5ZQTU4chTfWw+sGt4hOmzWNIg7aOo1XgMFgzHE="}},"lgd6VXSkmuYpKf9bkJSPsVmqZrytnuubNnb50+OyH34=":{"valueMac":{"type":"Buffer","data":"o1RTxOrWDAfsVIZP2ZoA9nWvG64rytbuxlmu7K+5RvQ="}},"mA/5nhTgvjtRzWuzS5u58s9VvPk0lRVRmdavkrJ2mTE=":{"valueMac":{"type":"Buffer","data":"36HkBksLfR8HukoRBsTkgdFZ1jhaIDitznPKflWoz0A="}},"mIixNXEOE7ru8VNg5ZjkDBP8EpNJLljlwN1cSm9hues=":{"valueMac":{"type":"Buffer","data":"gYjK3oHGEjejFQpPj6vaXkR9cKcsVWT6+tGbVmHCh/w="}},"mWoizCE3iCc6boQJBJbiflzTQUP1prVEJCPU+GJUQiI=":{"valueMac":{"type":"Buffer","data":"mwZIcR5zmRzitJ+4BPJh4AZqQSAT7WdkWIklIP4uUJo="}},"mjK1vP3puo0L26dxHPKL84+r/PPPhOevq4jXelUX/J8=":{"valueMac":{"type":"Buffer","data":"TnRwH2L+ufADzWBVdz4d9/+2HRq3pPZuweqUi61rwng="}},"m0rEwFp512uSUPVdwoMoPBWEl/w7whXL5NaGLgmCUD8=":{"valueMac":{"type":"Buffer","data":"HnCHVDCW/4bTtDoi427erNd7xsvrLh9LCDH2ANQJF6M="}},"m1d0NZRJ3prL0pl3615BEvJ0FMiiM6PYu38ZrZPer7Q=":{"valueMac":{"type":"Buffer","data":"rsUeIAJsuouuvH91LXJoIfibTgyXEmOBCwF0GK1sDz0="}},"m4lhhD7h6MNmU3Iv6clmx0h2ZtHvAYpyUc2ItYdvQcE=":{"valueMac":{"type":"Buffer","data":"JbeP7Rr9JFXrWbkkfxXMP5GlgGM60SSko4T/tyvWFzM="}},"nCTqV+aF/t8VhHLlVdKrkpiBmK68y1S1pUjXWe5tpHY=":{"valueMac":{"type":"Buffer","data":"rLVFk7lRx/2XsdACU0I0WM3owvsp8DIwmVzQuHJ3MPA="}},"nNIyqz32MrdZnoZd79ry1/pddV8fXPYZXHcx4lfslec=":{"valueMac":{"type":"Buffer","data":"U9J/Zeusk1v23/OIvjomNqMactbf1F4fc7rpMkdQo2s="}},"nuOwZ6axh3xBjSYKJu2+smneIk2D03XicyR53GNE9W8=":{"valueMac":{"type":"Buffer","data":"wwqqQ4qTnciyzAPXOBFyqgpeHrYoDKZxdB02OZboDaM="}},"opjnZshZ2trjtxq3xNnYEg7h7JG2dtBc2iTOF9zypXw=":{"valueMac":{"type":"Buffer","data":"DW2TGsFINfPwvOYKMOrWWtgayQBjvsyNlyfg51mKLgs="}},"ovB42LvHib+B/Ls8ugvXu/40+7SmHHw+t3b0ItQHOkw=":{"valueMac":{"type":"Buffer","data":"QdpZk+C5BnleWDETKypexyONtHCi+g34lJIQNZzzE1E="}},"o+ZJE2opan8Wd9pH43sTewQuccDQaziFcojEEboWijY=":{"valueMac":{"type":"Buffer","data":"fmbhoHoXbd5bD7901fvy6a8VEpyQP2sSygVMHZOXf3o="}},"pPJpZd4BLk3pyw4qXkQtW2CzENVeI9h1jXlus6dZSz4=":{"valueMac":{"type":"Buffer","data":"YtHIZJJLJ4pd2xd/31aFlHTWfEJAsyNO76mO9exrk78="}},"pummK9JBYhHI9KwNAR1r4WdLPi0QdyGCA51BpSctQbY=":{"valueMac":{"type":"Buffer","data":"bzcMOHS35ya19BNv5jUoLqly4GMMfZzNhDD6kUVebTM="}},"qDw5/54UEVRQFSsCgF8vift0RXm1gELP8b4ya5cRRZU=":{"valueMac":{"type":"Buffer","data":"NiEfiy9LTWeRkCFeNRcRDoJmOstCeo+2Nyq31un4dAc="}},"qU+etYxQSaXuEgr+Q38B9wl0hz6E5Dq0YOvPj4h39+4=":{"valueMac":{"type":"Buffer","data":"oUFagS6Qjj3X1rXma9b0F2Bu4s8M395IB73R/6UNFKg="}},"qh7nMFP2BowviYZIDw5DyphlpfqKKvkCUEnfDeRkZ00=":{"valueMac":{"type":"Buffer","data":"BuVDg3JrBn27rVFviMTNGxntdLxsnQOET8R4PwQK2Sc="}},"qjIBWBcWKl1aNDjU2CyvlOC/aX8ZnsNk3Pv2KJOQ3O8=":{"valueMac":{"type":"Buffer","data":"/zrhE67G2DS97rvIDCGaDpwkwqdgu8W5g2Le6qXNd3k="}},"q/mDYLOQaSgfmH9dIzZpOEHQxc+A+KU4UwxEUrriCaw=":{"valueMac":{"type":"Buffer","data":"GmAxiksMQvNVK5nxuQCkjdtk2Th2JhGuzhgzYKyFzkA="}},"rCXZDRYySeCw//vL5OndR3Kgk7fxVDjEgOd+qBU4AX4=":{"valueMac":{"type":"Buffer","data":"OBse87wACFWKTaBtLDeDpAo4Ag+2FKnVzcbqowZ2ako="}},"rP7MHYHXUKsiVuv6skNXc6wKsSUG+w43Nx9qO9r+HGA=":{"valueMac":{"type":"Buffer","data":"h1cLMAZQAFik/CaBlc75rlJGZ5Fw7Lmw5ZpqxADmm3c="}},"rTkCuliJCeXRh78yiQjZQf462dnCg8yi9bdVbLKzpKA=":{"valueMac":{"type":"Buffer","data":"67lbz1iOLZBDZlFp4Zk7ti3sv2DYDZLzRY5yecVYTQ4="}},"rantKna5vZdV+s4bsT+cVsTKur/AyjZLUKwihtwSc4M=":{"valueMac":{"type":"Buffer","data":"U8NIbLXcr65ft5Gck6ATX4rFKtD+Gor/X6kzupqmzTY="}},"rcgn2XMHNHqn1uI6odaS3CbQpW8PBjnIs67IGqpo4X0=":{"valueMac":{"type":"Buffer","data":"eH6dpFiC/e4k639hYSVKfHkhm+nh181pxVsxIXJquyA="}},"rjQ7S6yMdk/wB61sxCFiS+QzcTRt3jrJlWjygQd5PQE=":{"valueMac":{"type":"Buffer","data":"kVDRpcq3eouCzeaig0V5hFdH/oWzScaa8OnIe6L797w="}},"r9Se7Y8mLdyoS9iwcNk/IVXKJ6Cxx13NckHmyFYhVUM=":{"valueMac":{"type":"Buffer","data":"RfVzUDzvIA7i8sWy/K4E1M4/7hAOjWIMYNl93KP+9HA="}},"sWl5HLhEroCmvJESdoMpAzMtjQPRSgVJsFHu8iEfO+w=":{"valueMac":{"type":"Buffer","data":"4QU37yJ16oXVUHUiAVOOom6gn0NzKUmQrN+/m1MrTIg="}},"sg00R9t5ydZOMR/wPk9kGrsG1wYiTp9Az206V4v16MQ=":{"valueMac":{"type":"Buffer","data":"MK+BPz66cqZo08g/Bx3LDS/bPGHXcT7KcaLzMSSMj3Y="}},"s4/OSzRIuvq7+qtHks/SyQPqkStfQEirW+Ib+QMrnjo=":{"valueMac":{"type":"Buffer","data":"jucai5M0xv3VCcuNmC34SDSWzfGLfq4cW3dnfw/0ozA="}},"s6c0cMZyOKgEH2ivc7aSAeruPiRhqdfVcIdaVoEfLh4=":{"valueMac":{"type":"Buffer","data":"MU3ciKc6eQ10Gtwm/s2akPthGa69jjUOBd3flmDIz/Y="}},"s+9FVejXZ+MzVpyV1oobUe5llNzIACdKNrmE8+rDdDI=":{"valueMac":{"type":"Buffer","data":"YxaP/dhbYXyj8tP5XecaaEh/e6zlwFNupV6BQJqwSWI="}},"tFrfYF+bmOhFEablPlg6+4p5dyB3aM4qGkAu3urru2Q=":{"valueMac":{"type":"Buffer","data":"fJIDYjT2eaNwtGhTYi4UCgp/P9SBpoP19u+ISTCUwOQ="}},"tLqhmlWKaDHe9CgBHLoj0wyaMWMb1iJz7V0eAqocsi8=":{"valueMac":{"type":"Buffer","data":"g0Z6jNX6uv2NeES7IcFIuHqmz9lUDfT6ruxbRbTGrdc="}},"tOHwLbWSzdvgc4LdjF8D1F4LelgfpFkYCHN2hNEWZGU=":{"valueMac":{"type":"Buffer","data":"/aSF+CVi/3mHIBBHWuc7JGGc8s3Nzti8q4QDLTcNVqA="}},"tX4NWLO2J63/vTRzMRtrEQaVNGTzdKncNeRzjby0tHQ=":{"valueMac":{"type":"Buffer","data":"Pjg5/1Pz+CjUMAwYTGdOVcbrGsbOHohuo450BKnZmfU="}},"taoyf4QYPby4AT43jMDj6XSNge4PAY71LDGCA52vg8s=":{"valueMac":{"type":"Buffer","data":"e0c+OG44goiNGmyjNtnFvohYSUIVe2xPHJPqGgjWxgs="}},"tfCmaYOQmRqTEnk9WfbbYBPcZGDCczHG1Glw+8hNrHU=":{"valueMac":{"type":"Buffer","data":"7u/VZHN2RapNQ3c1p3o5hMhaIAOkPDYd2XBHVaq/Hc8="}},"tiQ1vVvM/3AB2ymkob//Y3XEqfl0wssnfGQccDtLsKM=":{"valueMac":{"type":"Buffer","data":"SsNZlbIPcnXpzNdPqoRlFbpAr8Nq1ZJRoHA0Boy85YI="}},"tlvXnE7CHh4Q7Rnc9k7E7BTJiIe0w+bKt1qw9M8/e40=":{"valueMac":{"type":"Buffer","data":"R8c1cmQVHLlpJzgOehk01Sfq2w+46ITSMjF68/+CbCc="}},"tsSzBkX01NqsfTEAmdt7/UWJG0HuTHvsZ1M1zvpSg9Q=":{"valueMac":{"type":"Buffer","data":"8+iCqdCndckhz2O8krcrWvrh7t9EyOUsr6uFYcXVbWM="}},"t3N4EcQswXjorzVETfpVor8shRXrcYIQuEp4+t41mJA=":{"valueMac":{"type":"Buffer","data":"qYBREDEG+7tpFTM5kY7XcXMLXKhb6Qn0xMGkFyKHI+Q="}},"uAdzH/DbUPq0/HDjiPlqeKXsNXJNH9iJTSod1szPrWI=":{"valueMac":{"type":"Buffer","data":"+/Wq33x/9G2/jI6a3LaMSeVddiHfT0eNHMPRbGTudNg="}},"uCEirfxZ0tKxtHe5sT5sBaeRSGv5x0ADKR80Vv61tbU=":{"valueMac":{"type":"Buffer","data":"1D0+tVlTEpZTtFewRCSeN1xBdcXFdlghCrA31h/apX0="}},"uDOhuWU/a9YzO3qNY5Y411GMkXxcQmFNo9U+Ls9qOn0=":{"valueMac":{"type":"Buffer","data":"Ww019ozpIDVGLMeTU0fz7/3MMDqt2I3Hg5mBxIMVW6Q="}},"uTwI7VHQ70JhAZJlqM38OnHw4M/NheIwJ5IdqnNbnn0=":{"valueMac":{"type":"Buffer","data":"GBmoj7gttxULlJo/BVMSMekWJDVsY0KpwSCUsmyn4To="}},"umziXlL0CPPqzFDfHZcIkoratgrNKIvfOuUPMQhLsE0=":{"valueMac":{"type":"Buffer","data":"OG4Pps/s70O49yC19+NaLOs/PX3fa/VHPKln9+neKbI="}},"u3JlGZ9Zf0tOdQYWyzDc+lQyaNCqfGwpkATp4lzLaos=":{"valueMac":{"type":"Buffer","data":"JiuFGzEKPDiIfJyXG05EZID5PseaMvarcpBMoHt2zIc="}},"vFAFE6T41IOWlRV5UxBzaY+Bol0KoeLKROgmpTxVn8s=":{"valueMac":{"type":"Buffer","data":"oimZi3fbt6h+92erHqkcxnlIEO0+PQoYbdxDINnYg28="}},"vT+gwftjO+wIRYZ2LOlM4YLwFPhcFEI/MuEAX0GftSs=":{"valueMac":{"type":"Buffer","data":"0ajwZCKCTYx329YsIyNncdwQrEmw2lxXsv6qqob3gqk="}},"vUVR0S1e8fMxd+xgs8qHVzjc5UBoMqV53lNcYFNpVDQ=":{"valueMac":{"type":"Buffer","data":"R8axsMBIWRz1+gGioHRjlh2UngVrI7/kSKvNC2kYBZM="}},"vWCJtamu1Z2SMqPBUETAHsn18Slu5gbqzbvMTrIMuDo=":{"valueMac":{"type":"Buffer","data":"g+Y75lF8uaj11P4UcCXOXtcJCfoo98yxKJIujbFus9Y="}},"vbPmxpkp1ifpQ2tVISB5SBcEFUYOP6vNMCj8ZXatsk8=":{"valueMac":{"type":"Buffer","data":"At7xp8J4OQbQaDPcm9867RqpUNLkflQW9nBmc2d22Ho="}},"vs5WmidT05qQWIzA4+Qg3ZjzDkAdHZRc5Bq2scMdjHo=":{"valueMac":{"type":"Buffer","data":"VantGQo7Lk7UXhP/KUggsxZ/RhJ+0Q0TK46quv5+Bk8="}},"v7kArQHMrGzRMtisdmKTEcrGfz/EaEdppat65mLNV7Q=":{"valueMac":{"type":"Buffer","data":"7m/u0u+XBHMwIk/qikdFdSsi5wBibdDA+rgHhkVhyNw="}},"wAOwqAKsmNX4/vLD/b5y9mDvJL0oBaswM4seL5BaqzM=":{"valueMac":{"type":"Buffer","data":"6G52nmkCIjgkSdxAztZNB6gehDAxHwxwr+49M9rNnWE="}},"wV0CRpVJ+tb+u41QxubqBNUtrQqS717TUBIflVReBwY=":{"valueMac":{"type":"Buffer","data":"K3rlal1IpAOrUXEKKHUsO4KKjavWynWpzmb3VMQ93sM="}},"wdm2BEQnI4FIeBTMpls7mvJR/sikS1TjwK407TQ4xkU=":{"valueMac":{"type":"Buffer","data":"GtR3RQmOZaA80cNJKCLMsmry8G6iiJRFaz7PtQLsk6Y="}},"wgknyQNF7WJgy0TRJxRSggjXBcutbu8n7XglBAqsg0k=":{"valueMac":{"type":"Buffer","data":"ABlXvAUb+BYO3ELmSxjj/c/VRONZt7wB2ka8Hqc53uw="}},"wi0G541sf1Tpmmogi5XmzJZow8HzeXj4aLdBPshfi00=":{"valueMac":{"type":"Buffer","data":"BGprimszjeT0BwjbFNKbgLaxEmHKOxSpgREwiwQV4lk="}},"wkv43RCpIosHw7+ptv4MTpzw3kPVXIh1BTNnFVM931g=":{"valueMac":{"type":"Buffer","data":"go73iJR58I6A/jyHYAqhsIuHOXe/yTTIo+D11x+ZXec="}},"wyaxYcgvkCGxH+0mWSXX0nNzYPYx/kVy8XG3K3YuC/A=":{"valueMac":{"type":"Buffer","data":"3veTYeiJ9u1LUWBhWNJXFRC2RnsxMqSJO8oDRmjES5k="}},"w7KPV+V75cLjdO2x5lLGdki8hj17y+fYk5UBpe5Yg9A=":{"valueMac":{"type":"Buffer","data":"z5JZKyvNnE/XhPPx1yyJldiEmgfZMIL9uFbOgNZ85GA="}},"xBYPwK/FWIKl1ce+xFj3ddYUW2XPy3QBsbUTOt38+CU=":{"valueMac":{"type":"Buffer","data":"BCZ+Q4QMCfJDbDkt11INQDqAGNBPnV+fYSp6EMhMioA="}},"xGJch8BQudfLCBB7Q0bDQ8xCh4dadGB3ZwzoDR9ohtY=":{"valueMac":{"type":"Buffer","data":"2v2lrq8Au5wnMX8UftKaCIt5IB8SzXv5iv9Wlyw+hbE="}},"xSAwDvupREaY0GUNAs0HJ6JJcx4oTLlT9NsAJE6vMIQ=":{"valueMac":{"type":"Buffer","data":"U242V9AGZKAmNKQxuRKsTH3e+SWzV0auFWgcej75+5w="}},"xftrW4K8qsVHtTGj9kmyGnkCn8XmBMUE+hxo9ev5o4k=":{"valueMac":{"type":"Buffer","data":"Xq4zT5LomhDX/+GFnb78O6zLfpIOxDQUHLrCra63eAw="}},"xpGcx7xYSNSHdin49uBu86UDV+9zdS1tBTEWRkww7QA=":{"valueMac":{"type":"Buffer","data":"mtQMwtXc8rQwWPqds3ZpGmOSt92/0/NuczaFRkv9ImU="}},"yJ+CE+tsGxE/gs4+0vixKN07HSfa75BKPwBbVNS3+PY=":{"valueMac":{"type":"Buffer","data":"AMntkvnMppkZBMPIo8+xQhkp/1yT5lY1QDq7dsR1obY="}},"yLAR/ynICUlO06i6o4jV0RsIEqwGal2yNB6MXy3SPWc=":{"valueMac":{"type":"Buffer","data":"UfHbgRbYirSRuUcPibGlRabClcZXT7APjJOSgVt5svg="}},"yO/sQIhs4Eerml9dBF19R11GGHSCPVclL97PuvsuxrE=":{"valueMac":{"type":"Buffer","data":"UISDzNYBTStsK3m/MYBSvQ05WgzGr5Fet6oEpXeS2uk="}},"y0cjxTrmSNEGu2RxFfzdq/XbHgILQAG9DKWNXOsNxy8=":{"valueMac":{"type":"Buffer","data":"T87RDWgI9LyAd2Q9EmrhuceSMjIdEZQQzvyCA2Z/xJU="}},"zH/jPdE9PW4X495kcCpvtYhFgmunBlzRsPcLzLYNGEY=":{"valueMac":{"type":"Buffer","data":"3/gwQOy80M98kBl3Nw4GHdI8xD4IL7PxBGOuylJ5E2U="}},"zQJZs7vtD350PxKS4FX2E/UWAwJ0FCCRoHGKOMIGrGw=":{"valueMac":{"type":"Buffer","data":"VQG8SZOE8r9/jQbKEDT6MhUCFpOCv6dF3v4enazM4l4="}},"zUxsB9zMFFj6R5MEjZ5Nq7wx/tKBLqojHrOkU7XOTFk=":{"valueMac":{"type":"Buffer","data":"R/qoV482IkRh0aEkgcpJTWUkc8K9FxCk6HZvAZkppCQ="}},"zXm5riPaPbk8nnZOYuIpaCeX5hVppshh+hzElDhR5kU=":{"valueMac":{"type":"Buffer","data":"0QPXfimQsE3kAXtHEL9IgKO0T1HmO7hnV+vUUvKp1xU="}},"zuQLlT3W9p6bxVZ1ol9mvjL6lR33FLxW3sjbW+eUEf4=":{"valueMac":{"type":"Buffer","data":"yFfclMnXrQLZ3izDD49JM96ejJ0sT+NOHDQnqcJC7XI="}},"z7z/KFaiPyEuGIsu0uDsZexkzaPwaxzHZaRovUAQyM0=":{"valueMac":{"type":"Buffer","data":"yN/6amAiAEQIU/tFZKU1UUkflUU3jkF6BUX2IQCpkBc="}},"0WZqP7pvvp2H1PLRTs/MPBjvl7NfYCO3+biG036HFG4=":{"valueMac":{"type":"Buffer","data":"IYbGoONac8sUFl/joJvqk3Uq328OXAog2FoBesB/7Ek="}},"0Wfo1cV4XMZtbjdcke/TjYPrOEsUB/FCNaPcUbrq6D0=":{"valueMac":{"type":"Buffer","data":"0wqZ1EzC5nCqIaWoZvW//urTWPScYIqF4QYE5x6Ekjs="}},"0cPhSzsmNEyQodGWx4Va50dZ26kqqWpoBG2PArSup9s=":{"valueMac":{"type":"Buffer","data":"Qp0EUPWImFtbVlX2B30x0fKCRRqEQGLRck/aYgziSoM="}},"0gVQY4xAZ3FFZ1iSBiANus/gr4hFZkPDHqpe6k6VHsI=":{"valueMac":{"type":"Buffer","data":"I2pBa/WoL6+aq+DEaoftKg2wEoewKuMoQrOOcnS6hSk="}},"0lYuJX1NSGJb3jjD61/TQtz8wQCax+4nLYoKFUFwZPo=":{"valueMac":{"type":"Buffer","data":"jIusXnyXr4PwB10Mu+kcos1Ot9sLTkim9zlOiVhfBFU="}},"0y5zqEJe2tKn8LTf07EsGEcujICrGOti/fO3cqibTvE=":{"valueMac":{"type":"Buffer","data":"NHo5BPmykHaDZBk2gubnzEPVOw3HAcqN87OOVfwCyP0="}},"0/xaf7+CgXCsB/WRtkHtauFHDxMUtchbb5gSUZt8+is=":{"valueMac":{"type":"Buffer","data":"u+E/jtC/wg8aBv7Iv3qcSlKEzpZ1u5mstBQCgo2m2VQ="}},"1Hr1yVA7MaoGmwvzzxC10dQnfEgCU/xi0sfFYjZTxxs=":{"valueMac":{"type":"Buffer","data":"xhOrZFs5Wq8AFaaE98Yi6n8Q3iy+RebooUMsIcguFnQ="}},"1Jrfa2pf506pjZEShQ/KURHqIDMNqNQlnZEhcBz3g/A=":{"valueMac":{"type":"Buffer","data":"btv2EsO/Le1MslpWTd97uxudik1ZFnjaLYeED4tLUPs="}},"1T3CI8+PRC2eHzyB+H41bS0qFlfNPmdCRz3hx3eGXtQ=":{"valueMac":{"type":"Buffer","data":"GqIvpRlfpdSKUJW/Nf1ayWrA9EZzoQuDXAUuOvUZ7HE="}},"1dgQVFGLayVSA8r8+Q9SUCmkRn0dq0soWrS7YuSljk0=":{"valueMac":{"type":"Buffer","data":"zJF5Am+pS9z0/HvsyfVQLO4WS2OiRTXvkc/VEuzcovk="}},"1efxcQc7zjVCVCVq4qmuzl3O1qS0tQGDaZvoEMwhy5o=":{"valueMac":{"type":"Buffer","data":"PmFMjhrxSqUM7nUwWfRKSgp0bfSTCVMIWOlzbSCpeqs="}},"11QkcKx5IwJP3ZVqI4I7kwg11DFxYevv9pWKsK9Zxp0=":{"valueMac":{"type":"Buffer","data":"8VoA1gVtebivOa8g3Er2bJlP8bARCNKNn937T+LJ6vA="}},"2InFJg/RTy4uJDoS2bTlHO3uCOqEiLEQ0OwXAJ1kzjI=":{"valueMac":{"type":"Buffer","data":"nuWSmI/3XQ6MXsZNXTsghIM9MHJuPN6v7jgOrqg1qXw="}},"2UN/kQ5rEffGgo1BLkWOZZpJ/xnAJCK31RjbgTQUDpY=":{"valueMac":{"type":"Buffer","data":"1q5kK3uCz+YdxEKbWqQWUSSu8gc3nir6xjldVtxRFzQ="}},"2Y+xNdY8q3BWIaD78SpUwfLVq3MM90Fmbkx4uryX92Y=":{"valueMac":{"type":"Buffer","data":"/WmbVQwuNjyqgKSeXgjPqSJD10EZ5d+pA93zxnqEH6E="}},"2bGid4S2dV5IrJyhTvqPzxt/eNhCEJfZz5r/8IC7p9Y=":{"valueMac":{"type":"Buffer","data":"TePi/rXU+CizHksyV+J0vngdQdhbhjTzJAoSOsHETNo="}},"2nHkR1dHvjWwyqquonxDg2WGp8YmyWKtCK8QYduN3Es=":{"valueMac":{"type":"Buffer","data":"Gf6eL9q3S49nRWRyPwQ8/coKG7fdd5/CIFZJFD+056Q="}},"2rH/C8TYYAmI0TLN6WVEzp9Dhlk0J39IQuR9mStvHxM=":{"valueMac":{"type":"Buffer","data":"Lm4VTp4BraY8mc/0WddrUIdgYZUfeqUZmpogO3AvsR8="}},"2w5sl/Q+JXvgLPjNI1PvQTLtpaRuxe3cr8acY26Ti4k=":{"valueMac":{"type":"Buffer","data":"cIV6DVYjsAGVvUjfPalGC1gsqVprhniWZpv7Ie18hBE="}},"2zjAmUnnpbE1zlmYgjilS08I7197q8HeeqSfqXA7Wv0=":{"valueMac":{"type":"Buffer","data":"+4lS1EMpEz4+fo1TDV9DrnHsbESkxyIpDo3PpoVoDh8="}},"3AiVwNmsynAcPFCG+nZOOJJTLcCkcmhNXxUYON8eMUI=":{"valueMac":{"type":"Buffer","data":"IXJso+1IJlts3GUh9dnyhqJ6ECQRuAscBK/5fArdrQs="}},"3LJ148wHf9JFwIFXXwJKEl4UNQKyUxmjSRSszKdSF+M=":{"valueMac":{"type":"Buffer","data":"H12Pt5WStsFY60CvaPxVjsybm32oStxnq7MLfYuPIIE="}},"3hzZxcNAx8OqOqyy6T4PiiBjXKnko1HJuIVPx0QTszU=":{"valueMac":{"type":"Buffer","data":"vCxro3acjL1gdOeWQqIfmhj6hCyUiJXRMaJK3qjXxWE="}},"34jzY36060zG/VuJ98f6KWNdb0749/cFXWO5Zs761Xs=":{"valueMac":{"type":"Buffer","data":"9Vd/dY8i1UvfRsB/uRDKCdcpjHnq55eLh5DQHzLfdcQ="}},"3+bTlKjV30s0muBsIRvurgNDYACBKbcM6WSWsbTtIU0=":{"valueMac":{"type":"Buffer","data":"9dP3nb1kQ2x3sfUZ83VSRqAoFO/y6eDciUg2/GK8rBg="}},"4UtEeRFos/inXid5gEc4C+aB+avA6qFke11umTDgS6Q=":{"valueMac":{"type":"Buffer","data":"FOLjLe1xsG5ueP0YwGqyK9/CsvW8+334mOXcsONK13k="}},"4kclCyMWLpLEzEipk96VerP61ES5bxx3rux76keewgM=":{"valueMac":{"type":"Buffer","data":"mJpoX/PJpFHHzYeb0Jwma6xHTh4AW+X8I5Xg6eHi5RM="}},"4vP1HhPsoPDu+VLGTaGQAbZpAysmyEV2PNcuHyFdTxA=":{"valueMac":{"type":"Buffer","data":"vLxngEd2Y/2kmWzVLkJRrF8jRiVQpbU8ebJsPCr8X1M="}},"4z+1nDGy/IrI4T2RsU+sjCIBAr13+bAmH5uYhioCiUM=":{"valueMac":{"type":"Buffer","data":"+JfK0RnGAfmCvReQe8LBAxZe1dJJo7FaFhndSvzpJQY="}},"44DvWZmJJQApa6ZVoqy1+ANS43fH3UrOts+8Os6ktvs=":{"valueMac":{"type":"Buffer","data":"SAtQqIaWMOUT8F0FnkaUGupuukigc5jP2KixwhdaoXk="}},"47RsiAr5PLAbq4wsHKJ9wp9RKxreLPeP7VhCxJ2Hcz4=":{"valueMac":{"type":"Buffer","data":"n3vL5+A2IcMcgmRhEpPyCD6oIfNLv4zt+ilsY45n2xw="}},"5IDwCwy4mbGF0/FEyX2UQ6X08oT0XElmxOqFMJ1R4R0=":{"valueMac":{"type":"Buffer","data":"UV1el+M1MXIYUduLXu1ULXtzsvb0jWHYuQThfIpEisc="}},"5RTIL3JAdXN1Wg8gvRQMEhQop+jpVLxowSvkSY0Nqok=":{"valueMac":{"type":"Buffer","data":"som4MpTdHKwasW2Q+jGPy9Z+gXiDxj1x4Lasv4u8Jow="}},"5blOboLoIt8VQlKBfzpXx+Roq940t95pa/kByCa8fOo=":{"valueMac":{"type":"Buffer","data":"x88q1F2wyPy00GOLFVmsUWGzba4H8+WWErxZ0T3yzx8="}},"5g6iA1RFkPaPjURhPdv9kZB6yBWjLnIbYUyLMePgxgE=":{"valueMac":{"type":"Buffer","data":"caWGLJCOjmG4/YVVVQF8cLNobFNdDlqhZXHkmadLDAw="}},"5oRdRd6Zoe1J12WzDvj4utnlBB1KPvO+hgDY17GlAQk=":{"valueMac":{"type":"Buffer","data":"MXz0DwNfzrIWqvUMonrZgIBA+aFt7/6rfteqBUttWzc="}},"56niesL/S+GEPm/QYf9YTJS1V0ixYMNpXQhweaNUxEk=":{"valueMac":{"type":"Buffer","data":"H6+QITo1N6YS+FPIB+ddbiAA7V6smDJ5s8sVfpIwO9s="}},"58+4P79/QvCQs7wncfqQgnyMBT2pXpEysciVQD5+e1w=":{"valueMac":{"type":"Buffer","data":"YTubYVtk1ZVVOnd3R5mv71H7esF00hGGqnBvrn2qjOw="}},"6MSovISF/Q9oidn6/T0xzeG2a6wocHEdeQUOlZ6l1jc=":{"valueMac":{"type":"Buffer","data":"izXPnq01/d7YSPQe1kZy93O2n5Cwtik/OiL6f1x7rpQ="}},"6UETyugPRBJHZMrqwatYgzrj3qRshaJay+aIwKePvB0=":{"valueMac":{"type":"Buffer","data":"XDOuTE/ApXUgoK09CEakD3TEqa9lkUKsbiulmbiPGuk="}},"6w+XesqXYEu4H7Nt0kcqLz5aK0+Pwj+U2ezxHGPaptc=":{"valueMac":{"type":"Buffer","data":"4l3T3VJMPJHZGhQxx9ZfW27mlqWFSKdUOGZrCDGcW2A="}},"6zMbX2B6yyOZCZ7M+DfJKcksQN7xVw5OaE39oLrT7bM=":{"valueMac":{"type":"Buffer","data":"tZRpTzU7t3DX8gVwKtPQw6MyD7R42wAaNrBP9fP74fc="}},"61IQ66nBEXeJyuPQAfu3xzEsoutxD/A76eN87/rAqyA=":{"valueMac":{"type":"Buffer","data":"thMWNJeKk0oLF9OCwAhLKxEsxRd3lawQnX/J3SPMwj4="}},"67pXh80Xe/tJLnp6x1qxF2nPbsdkZN+m5fvcGuczB0A=":{"valueMac":{"type":"Buffer","data":"QacEikXWsjGVXp9lfQbHeIe41C7GKoewYHZeIM6N7is="}},"7SPszOjr4Wyxp4RyE2vjgOljjkVg/OM2M4UzATSLmsI=":{"valueMac":{"type":"Buffer","data":"8dHrx4eCuwRjLTqtyVCsv4daodgN3gCNF0/FEmGMMdA="}},"7Su3agnzvxFTMnImvYdzKnkMX4ILKuB2sjUQnQ38uBA=":{"valueMac":{"type":"Buffer","data":"1hy3Io2eouDeNucyVXejMflDxApJQXjtc8o0fPdJRw8="}},"7dGHHKDiwXMAdpl6rGFfkD4TDIZ1sBBtbuxy0hFTNWQ=":{"valueMac":{"type":"Buffer","data":"n6UpoItg38xvS1YXBBlRIrg8qq38bu0IdBnxznQyP/E="}},"7nezwORhoSK7OS99w8qJs+6KvXERwDaNnDF18Z7tPgM=":{"valueMac":{"type":"Buffer","data":"UHAJfsBzQcr2hHU378tass2EDuJBJsxMRo0CfEjdGZ8="}},"7oxidkTIloRxD5LD3RVErwPmAyvdUuC73OQD4PGAeBw=":{"valueMac":{"type":"Buffer","data":"VcOAvua2tryMFpvt6ROswKCrTrOKiFEgi5R3hoeaq/Y="}},"7wSaJuc0D3tQkJNCsI5Vw0KSvK6PzfYy2LwgvBa/iU8=":{"valueMac":{"type":"Buffer","data":"KCnbcXFJqBs1qHJCFyTaIyh2mP/7tFxiBlYXIZdxG5I="}},"7zo7JQBFjCt4WAjawIb3VSHakxDvc1VxiKUgxFxPi7g=":{"valueMac":{"type":"Buffer","data":"VAfZPL1r0C25NjDXUnRFxu6rUOIb4uetoA136or6vNc="}},"7/vgEhJrY+c+d4WcEk6AGHXMQqUDN8Q2/qDZyWzeFWk=":{"valueMac":{"type":"Buffer","data":"DrJAgznaxjW4J1YsvMHixc8NNIh+krx59pGQ9wA91+g="}},"8AGKYe7srmoRDzmFXIIywWbjpTT9qO7iJ3LHT8fNpvQ=":{"valueMac":{"type":"Buffer","data":"W+FZ8oeNFw2e3RSgVjZ1eMTlWTbDSvo6MMm9v0itSgI="}},"8UrW+GtuqkEoWum83SVeBXgrVKslyxzZabNE2zaEpas=":{"valueMac":{"type":"Buffer","data":"66PuhnSE13NTv0Lk9ngjRkzdGYbmmEPpG6Dofe5m6ks="}},"8bhleIzAjxfBetnO0RijUnnkjvR/8hXGbvRq7wqEFpc=":{"valueMac":{"type":"Buffer","data":"iz7MKoM/Lk0yiIx05f6zXqocBDNYE0udQHDdnKMjzEs="}},"8fe+4PGkG0hG8L9OGuJpEH0Nkq/6VUfJ+5Sl9eO5AVw=":{"valueMac":{"type":"Buffer","data":"NVYY5kqge8XBWkH9hYwFS4NoBie0Isd9KfPdCdPgH/A="}},"8nRk6tkzP5LVTn4LjCsFYPk1nPsHuydK8kTnuQPYERk=":{"valueMac":{"type":"Buffer","data":"TVqfmMqIzDEfKkSeRLhqGtLBDQLLCjcEnCbJh7SY/N0="}},"8vZ7hxLTB+wrpx6cJnGqEytpOUil8hywFNjmxa3njPk=":{"valueMac":{"type":"Buffer","data":"UJZCymTM548EP9QyhfExkRSS0EcJ/jAbaQxyIZMsKZs="}},"9R9qD+Gg4hfFBYI2hbBDFLMO+7iShG6zzNMLSm0/5K4=":{"valueMac":{"type":"Buffer","data":"gMfims+3m6A8Qkbhpc7xptv/BH41n1XFGA96LmxHiXw="}},"9VxfiQ68wxzaAb8Kj9HXEr+8vc23vorUA19tk1iuwt4=":{"valueMac":{"type":"Buffer","data":"PUzcrF1CAEByVYNRCL31CVr41aAvhxELYiYN11DBeQg="}},"9Y+hshfDytzt7biqX3LxKLlDNXpD92jYAd7ysPMyW38=":{"valueMac":{"type":"Buffer","data":"ahIs76L4tNqNGInTLcN85QDT+D1QWupdXJuhvWrjRio="}},"9aIirD7j0JG8dsiiPAZ6p3Jm2xXvpIJHv5ED9sjeH0A=":{"valueMac":{"type":"Buffer","data":"vnN0j7MWnk1c6YDBl1g1bXCEPBVGXkldjM3UMnK8eSY="}},"9cwhjZV0OQKjJvacWCARxAQIodc4oV6ih9Kp4+KSwUQ=":{"valueMac":{"type":"Buffer","data":"rveJ17tTlpQtWy02N2yKgl0WAAR7Yb7+67DrADds758="}},"9oEfXXBRy0K5F6YaRhOwAyEogCMibamr1BQ4Tu7YJeY=":{"valueMac":{"type":"Buffer","data":"pYXNCjsFPFNl0nF7vGJFrTEOIPOk6Sap7wGi4vgKy28="}},"9xQNzLJt0O+EWcI+JxKqtar6mXCBrw1D7ClTs5sCmyA=":{"valueMac":{"type":"Buffer","data":"yKA0iTReB+7FHIDlcyeGyV0pjC5edPNjSOSJlPRrca8="}},"+Fb5EfWS5ounslYulM5llPpVVnfpXmuQgP19KJILIB0=":{"valueMac":{"type":"Buffer","data":"uYey/mwz4498wRlxt7oP6/efOfrBxiCZQH1evgMoofM="}},"+FwSv8Vb9cJvGHCY9ShmwmEHcYddml0E5OvSaiKpY+g=":{"valueMac":{"type":"Buffer","data":"S0e5RrZ0SMpJ4sETkjoPjjGvR1AnJ5/kJyUq72ZqcEo="}},"+KW5llUYROJmLyQTMCACEoo2gbRxP7BJ2BH47mPcPgQ=":{"valueMac":{"type":"Buffer","data":"JUNKDP5mU8aUTdIBo8vQHHaJfgV3PVPjHBqB/s/FRBY="}},"+OGqYAyOOfhfQBdEIrnmfVaOTDOB22HsScGEiIZj5c4=":{"valueMac":{"type":"Buffer","data":"jTig6EhRPXQoCuapDOApSDYsAC/ORofooJYZpBXFMCg="}},"+OOk1/mM2P523TP4YgbUX+XoXtbtccOEuqgo0ea3O8s=":{"valueMac":{"type":"Buffer","data":"Hrf4NEGgWhYs5uGOjgTaYGg8OICErMm2oBU94GqFy2I="}},"+h9l0TSiSIOVikIEPUQmVceobcVkEO0RABrZx3rrxdQ=":{"valueMac":{"type":"Buffer","data":"qEX354L8mTZUTz2wzYjijvrl4QgsEbSYTQn6a7lYqSE="}},"+u9mjjNh4zIyk+FTFVLkRK2MqyFKMxEYMjNl9EshIlU=":{"valueMac":{"type":"Buffer","data":"efHaWmF4CyIqI5GPuuMc4FjmGxtX+MpwzBappMmpHfM="}},"+wf+qioBktCLuLD1iEVykBYZbddwrbOfsfm/+QskLKE=":{"valueMac":{"type":"Buffer","data":"VCNym1oaOt9zs1qsqxErqVXp3IzDuCT1a0ilsagHQ9A="}},"+z0+h05mSrFy+B62Lcyz5507d3isLWpSzPZTL1VOn0o=":{"valueMac":{"type":"Buffer","data":"9c761sGzKjnIaz5hXkPLK5yDH67DwHKA8bCZbL8mBZ8="}},"/io84EKsqfArz3Ujg/90qqMSq72DQX6ENm0KyTtVvrU=":{"valueMac":{"type":"Buffer","data":"g7djmc/PE2F1RghXAZV9ydT/Xq9oOmOwDIWcqThnL+M="}},"/9L7dGqtGgUk9Nd3Q6spPhKsq/BJ2421FaCPtzCFeeA=":{"valueMac":{"type":"Buffer","data":"BqhB34Nm2swaFomBsSgsMGf8fk+gT2sSHmlmZORN6es="}},"jDaqTo+ibDkTsaHrdATqKZG49DH+YtP2P5x/6ipY9UA=":{"valueMac":{"type":"Buffer","data":"Qakj82nfmgRTHHhtOnA3DXYeMjzKWngcuX77hK4oX2c="}},"DTDLfbmgjKkwAFfbiAFQnl6L/PwFLoBNSPdeoexPsN8=":{"valueMac":{"type":"Buffer","data":"cITyjt/QVzFMTluF4y3o4+Fx0aCncfhFQ209/3Duoig="}}}}