{"version":2,"hash":{"type":"Buffer","data":"pHNKK6EJ1QXxEmWM3rZk2C5wf3oxMl7DlBe6PGmADzPg3hZYFwogTV8+jE2R3ck5zEICdtik3+JVUF3ZGEQIgx0UqD39caqADcqgL62DDyrfoRlaEX/eSp46UC5ptLjS3augHN0OIsLeFp6nqTY4rtXpsagFj2IGih8HOQfLi9s="},"indexValueMap":{"A3OiUpCg+K1UqLqTmOVmCsOQzcWOKKB0k6XXGUZrF6w=":{"valueMac":{"type":"Buffer","data":"F9rOjWmjHVo/2jJXo6zMyEqJo/XpzB1J0VCVfuH9IOA="}},"BzJXe1HhNTmDsqCawem0X4MJgoZ3/LJIUM2dcDYG5U4=":{"valueMac":{"type":"Buffer","data":"RM7pEuP7UBf6WN04MUR67KFd0oHjLrzmc3HGd8953qk="}}}}