{"version":2,"hash":{"type":"Buffer","data":"wTbFG/n7D+OdGy8eYuxL76ehtZZe/Hs7WIyieQKQ4LXV/A2qXInvyyLSXEWtd1UUJV6XifOZRf0DPwXHsqA+fkEMck8ZCHOaS23HWZSOnzTX1HYSYTsorAEnxz/Rfd9VlP9mUNH3M6YDlDCwA/Z2wicrYDShjwzvd6MaRBa3YgM="},"indexValueMap":{"+75ygKOePJY79pK7SQ/dYgeXB+n/KReqqN+Z7aAlJ44=":{"valueMac":{"type":"Buffer","data":"3IrRGzIxHwqoFJ80psFS/QZwy1dDjy7Sia92RYGve30="}},"fWBIzMrJ7bO+2advmKpunQPttbshk40t8o59TzsUjEY=":{"valueMac":{"type":"Buffer","data":"XTkiVZOXx0a5QrCVNBTNgKFMYAn/d/Ddad39++mleiQ="}},"mjqgNleSQ3ftBxXld2ITgfTfYQ8qHjTvTYK8aZJDx2U=":{"valueMac":{"type":"Buffer","data":"mlZYFEA+qHPVxJVoh/BFX8P1EmLCX8UhcToeImmQv5o="}},"iOFZ01X1KD8lulgRG2bYNE6R1gJXhSt/4ammr8jEQKw=":{"valueMac":{"type":"Buffer","data":"CFjZKYTm/LW6/sY1Ntle6CCmN9CAfQ92QFldaiq630A="}},"cG0TwtOGpatLRqsokP7nqMKasW+gTmm0f2gVEeVKN3k=":{"valueMac":{"type":"Buffer","data":"Cw2RyJoCwrDiDR29hnXSve+4VKRIgZLtSuwy1OooRfg="}},"vu9wWbb2Sq9ODb1sSNPr+XP/tOzuzGGxm3tXTZePBH0=":{"valueMac":{"type":"Buffer","data":"gXj6pf+YQOi5nHgqF9DmvhJ85cZymfg82cbLCfZTV6s="}},"yfl30sPr6dVKQgijOaumP/mGrAjkzwX9pFROgldZRo4=":{"valueMac":{"type":"Buffer","data":"EdaD9utfH2Z21WNl8VnlVovNUWMsuYh9XaniSJPhIbs="}},"uXSpfdulHerzxd/kM0RYfMen67AJ6U37RaDjSTIBf9Y=":{"valueMac":{"type":"Buffer","data":"0tfNAfxGafQ5WUU7iSp8fsiOzUkLi2f7xKuO9UZTBiA="}},"m8t6iq1uNX9h7re1Kit+RCIASkBIzF5YkeFvd0b3iTY=":{"valueMac":{"type":"Buffer","data":"bsPCxZja6Q4LQcxtMYVaHK4iCk7eTi9wfEvAx531Lfo="}},"xeNpBYcnri79ReYnBUd6I6tEfKDspiSx6jdWiSvGWcM=":{"valueMac":{"type":"Buffer","data":"L8k7RKS5121XM20RcKM7BMb/CJQOwNBQDKq/ZIDTknw="}},"uhg8PvaOP1WAWh4k308ISITPBu6Kd9fpYiTHL0nbYcA=":{"valueMac":{"type":"Buffer","data":"veSU22eZZk4yMbalzGMwklJmh3hII1UzKUws1PZ7IFE="}},"vOeoJgtXUuBZFZcqtfKOd8qZavNFWdeeUpBVNgNfawg=":{"valueMac":{"type":"Buffer","data":"wij3KSqlOdCzLISQ1afdqTjkynMAC30kbvU1ZFl6e48="}},"2F5lPnoitXExGFgYSv2t7BbE9QJyXs2pTGI+3461wRk=":{"valueMac":{"type":"Buffer","data":"vfQRHpU14e3YxStf00VZTvE1kjHPWrx6U9sSeDlmikY="}}}}