{"noiseKey":{"private":{"type":"Buffer","data":"SAhFVyR2AXX/j3RwQh6dItceEhELh12dc6OCheVFtkA="},"public":{"type":"Buffer","data":"H69IOBSjH8hDdoN6fScf+vC+lyVGVK+0R7yRIoPVh1M="}},"pairingEphemeralKeyPair":{"private":{"type":"Buffer","data":"oK3nxNLy90o/DZJo+TjMq00MT2gXMjUvTO7MUaCZpVc="},"public":{"type":"Buffer","data":"mvUwU3AN0lEZg9jMVKdKc8DuYWEJNgcLLkMkQSXGSAs="}},"signedIdentityKey":{"private":{"type":"Buffer","data":"mHZYlOvDOYLCh44YEksVWUw/7LGm1BkMRbVaRPT/aF0="},"public":{"type":"Buffer","data":"u69q1UsM4gkSwRjMIZmZIsTicX693CDkiKxSIFbXiVc="}},"signedPreKey":{"keyPair":{"private":{"type":"Buffer","data":"GIPVAMnVSNeIY3qagIDb93FihWHnEyu3KoOTTSPAyH8="},"public":{"type":"Buffer","data":"gbvfeX15IU0bM2hn5MNX7DH8e4Ec4EMeUtzja7CuJgY="}},"signature":{"type":"Buffer","data":"eWESt22ddsRuIaNAYXTkehldzvl7ORk395CHc8C6wIvOa1rMYhge+ywzGJKXJdmRtElUxigJ9nNmHtnRMccTBg=="},"keyId":1},"registrationId":201,"advSecretKey":"4rOai38/+lfCQmNx3zPxRfNd4vb9G7No3W6Il4Q9XzE=","processedHistoryMessages":[{"key":{"remoteJid":"62877609425351@s.whatsapp.net","fromMe":true,"id":"56D4A4DAD677CFF59887AFA2880E15BE"},"messageTimestamp":1728291735},{"key":{"remoteJid":"62877609425351@s.whatsapp.net","fromMe":true,"id":"08C84BEDAE2DC4F65D703B3247B7F527"},"messageTimestamp":1728291735},{"key":{"remoteJid":"62877609425351@s.whatsapp.net","fromMe":true,"id":"6E5A92F762D0FB0C3F38CF4C91534F5B"},"messageTimestamp":1728291739},{"key":{"remoteJid":"62877609425351@s.whatsapp.net","fromMe":true,"id":"762A65AA13D1A128EB400DB95D52EEE9"},"messageTimestamp":1728291739}],"nextPreKeyId":31,"firstUnuploadedPreKeyId":31,"accountSyncCounter":1,"accountSettings":{"unarchiveChats":false},"deviceId":"CQZGElb4R2GEkIoiVjcOkg","phoneId":"fcee949b-9d88-4fb0-ad7b-a793823d5d6e","identityId":{"type":"Buffer","data":"OtwX6/XAyytnzSsNDjVr1+55ISA="},"registered":true,"backupToken":{"type":"Buffer","data":"ZOoM2EvMaPfA8y6d1NiDhOV8DW8="},"registration":{},"pairingCode":"VPLHD47M","me":{"id":"62877609425351:2@s.whatsapp.net","name":"V","lid":"1516727488691:2@lid"},"account":{"details":"CL+JyJMBEJDHjrgGGAEgACgA","accountSignatureKey":"d+hKklLZ1e2OZBAfQpHJ1bvlJoxISnuOY0XEjlvYi3M=","accountSignature":"3eqDG2wwZQ2iwNH/0/8TeIYiwfjfO9Ty1Y8vqb6Z9L/41CDZF7m2D8/WSi4VqaDQoEezS7eHH/8G/NQzDvDpAw==","deviceSignature":"EKZ0tAeHT7vHCiUZxxtyap0kNPicOFVcXCt6p5LyknZQcD4N3FqxN4arHPfUoeoBEKrm/PLb+tlGv7LUImWzCQ=="},"signalIdentities":[{"identifier":{"name":"62877609425351:2@s.whatsapp.net","deviceId":0},"identifierKey":{"type":"Buffer","data":"BXfoSpJS2dXtjmQQH0KRydW75SaMSEp7jmNFxI5b2Itz"}}],"platform":"smba","routingInfo":{"type":"Buffer","data":"CA0IEg=="},"lastAccountSyncTimestamp":1728636953,"myAppStateKeyId":"AAAAAG+9"}