[{"senderKeyId":1277790820,"senderChainKey":{"iteration":75,"seed":"+vi3Zmul0Ag0J8MzYYqc4tUdafdXS6p4ITKNZgfHvrk="},"senderSigningKey":{"public":"BTKa/3Wzz87ysEGlwnq5sBiTK5SNwzprggIPdd9Ts119"},"senderMessageKeys":[]},{"senderKeyId":1079517019,"senderChainKey":{"iteration":21,"seed":"nqC8nfRm6vt5VKEVEP8xPyWxuVyOf+03IqJZo+UptcM="},"senderSigningKey":{"public":"BSXaqm6oowC3XVC+EhKoAW5+Ox8mLp3rrUjTPI7SQroO"},"senderMessageKeys":[]},{"senderKeyId":1213618288,"senderChainKey":{"iteration":1,"seed":"zvVSqyBrLceiSuiohR43W+Gxr/Z6Dpr8tV1TpFBebIc="},"senderSigningKey":{"public":"BSDgxz9wLVJ6y+rQnVERITGIpUBVsswXTvBtLToBDoFt"},"senderMessageKeys":[]}]