[{"senderKeyId":1932876456,"senderChainKey":{"iteration":79,"seed":"w8xBR2JLb47sZy8ERvOhycxKDGyID4DUUykBRFgmDZU="},"senderSigningKey":{"public":"BauCYy1OPeHjb8C3OZnovB02Gznufxsti49+BktCmNxM"},"senderMessageKeys":[]},{"senderKeyId":926729175,"senderChainKey":{"iteration":2,"seed":"WTkQ2jadk4d+TZrBb8okA6+BDG26QrAaZwKyWRFIrAc="},"senderSigningKey":{"public":"BWlOS6pTj1iZSZGixjtjPZ4dILEkOX6ftiR/SVBVSHFN"},"senderMessageKeys":[]},{"senderKeyId":1744587317,"senderChainKey":{"iteration":7,"seed":"MzYAaYsLoi649RQFNnvuGIUyFO7UdFEKNKW22vd2+P0="},"senderSigningKey":{"public":"BTqrHNZq2aQWSNzRa34bbxM7Ns79MN54Tx1cyBHI8v4i"},"senderMessageKeys":[]},{"senderKeyId":1484947502,"senderChainKey":{"iteration":29,"seed":"A1oBGT63zFk9YFQZdcTrelRilMtxiIeBUGaH53efBuA="},"senderSigningKey":{"public":"BRkcOUxGFHspEctQu1Pk4E7xVKmg3mKpWoEzptqno7QW"},"senderMessageKeys":[{},{}]},{"senderKeyId":1484947502,"senderChainKey":{"iteration":26,"seed":"cinUOtidg2w/qsDqTQkoDrTqhCb23j7naJztTNf0tnE="},"senderSigningKey":{"public":"BRkcOUxGFHspEctQu1Pk4E7xVKmg3mKpWoEzptqno7QW"},"senderMessageKeys":[]}]