[{"senderKeyId":417237828,"senderChainKey":{"iteration":42,"seed":"Ns9+F4zUO++grlFFy5KoppzXX5FoR7kmSdT/sXJUzD0="},"senderSigningKey":{"public":"BbWNGxfpbNwZfq/FxHlzk5gcOBTOpY9kGgNl0Ls4cAoo"},"senderMessageKeys":[{},{},{},{},{},{},{},{},{},{}]},{"senderKeyId":417237828,"senderChainKey":{"iteration":6,"seed":"tFZxs1pLF8kuiHxGLN0h7wVaHE+crBvbTh2z3dXJQ+o="},"senderSigningKey":{"public":"BbWNGxfpbNwZfq/FxHlzk5gcOBTOpY9kGgNl0Ls4cAoo"},"senderMessageKeys":[]},{"senderKeyId":417237828,"senderChainKey":{"iteration":10,"seed":"FOSLpLRz1iuim2npDey918JNmorXe/o77YBd9TdzQY0="},"senderSigningKey":{"public":"BbWNGxfpbNwZfq/FxHlzk5gcOBTOpY9kGgNl0Ls4cAoo"},"senderMessageKeys":[]}]