[{"senderKeyId":1915938174,"senderChainKey":{"iteration":2,"seed":"qEJY47CVVsCiGMgMG4HyZIIEnT1XPZZQiXWee/VQurM="},"senderSigningKey":{"public":"Be1rcwj/+66pU2pi7+tSenzUjAbUF7sPBQDarRaCuc4z"},"senderMessageKeys":[]},{"senderKeyId":1592087105,"senderChainKey":{"iteration":1,"seed":"yOQ7NFjHrTIOIgA1CosH1iZtAVzDvs8ZTJElL5l9FdE="},"senderSigningKey":{"public":"BWTYTEsWaeKxD/dOXLjkS2hiMZ1B5KSzS9tBz0lWWRk3"},"senderMessageKeys":[]},{"senderKeyId":414459206,"senderChainKey":{"iteration":42,"seed":"8jckMyFCJT3l4p/x3bq2cOs0fsRo9mx6pxJ15d47N9c="},"senderSigningKey":{"public":"BZuxyWPdfYMJWdWQEnxqdNdausrfQnuAUQw3WwoJpV4l"},"senderMessageKeys":[{}]},{"senderKeyId":414459206,"senderChainKey":{"iteration":41,"seed":"799GBLzCcEHRZ+KBG9TYiPqilO6WlndOSbcFzBzGBcI="},"senderSigningKey":{"public":"BZuxyWPdfYMJWdWQEnxqdNdausrfQnuAUQw3WwoJpV4l"},"senderMessageKeys":[]},{"senderKeyId":202776727,"senderChainKey":{"iteration":2,"seed":"lH6OJwOV8F4ndTWaE0b6p71pEHAV94xl9XGqgeVTWpg="},"senderSigningKey":{"public":"BfobNNndYMXDhXj5xQQCg9Gtme3KViYadl+D2KGntF83"},"senderMessageKeys":[]}]