[{"senderKeyId":2144075226,"senderChainKey":{"iteration":223,"seed":"uhQv3ahDd6nRLD9Rhe4bh7jCNjteDwM/l4mYIGO4Q+8="},"senderSigningKey":{"public":"BWq03i4JBmfCb3/U2lwdsO5iOIr79hVYVRmgrrQZM3JI"},"senderMessageKeys":[{}]},{"senderKeyId":338581948,"senderChainKey":{"iteration":1,"seed":"cliDZLrV9XQHzjFSofU0hmtJGEXnJzKtYSllprPkk0o="},"senderSigningKey":{"public":"BcOVH9dzmZ8o1sWWzXofUz+YqKPQx+kqyGPEa8EA0+xV"},"senderMessageKeys":[]},{"senderKeyId":1979848686,"senderChainKey":{"iteration":1,"seed":"ZoKFFPHSwOTOroaJCWx9Q39WO6HSUq80CrUG/3VoVc8="},"senderSigningKey":{"public":"BVepjSrBFeuhJAaRvdEYdmXqocBqeQ+fc+3ZiXLz9F0V"},"senderMessageKeys":[]},{"senderKeyId":773101760,"senderChainKey":{"iteration":1,"seed":"qf8RvljhJs/ZEp9/9RaaasGaXosuz45PHCQtuDkCLsQ="},"senderSigningKey":{"public":"BcxAr2GGcqjsalMveNo0lREwm5NX48zRgqCH0LIEVjgN"},"senderMessageKeys":[]}]