[{"senderKeyId":1987338678,"senderChainKey":{"iteration":4,"seed":"AA8K48yav6Nku/lBBlYoVPmoqvkaB6zJCb8bVOJy8lc="},"senderSigningKey":{"public":"BdX0k9dihqsKbwPSfwsh3r/6vlLNzM9qx0prXK+xNp5M"},"senderMessageKeys":[]},{"senderKeyId":1587539316,"senderChainKey":{"iteration":1,"seed":"07/r8gxjl/ykWCugLuzyyNbM899iC+bqxZeS8nj0QVo="},"senderSigningKey":{"public":"BZDhv62LEN+OltQU1vCk9NCMhDNLI7rGfL4/rvIzbGQw"},"senderMessageKeys":[]},{"senderKeyId":690495118,"senderChainKey":{"iteration":9,"seed":"VHgD04PE40BQIsqyoeuWfBTIjB/KLz9KATTaX0IO4qc="},"senderSigningKey":{"public":"BbLdwF5ekCOjLEfke6zqwlOwGixvk1foO8s+annfMnhC"},"senderMessageKeys":[]},{"senderKeyId":690495118,"senderChainKey":{"iteration":1,"seed":"RdekSCngbweogTH6CjFGoiDddWsUm58oFhv5dupc60w="},"senderSigningKey":{"public":"BbLdwF5ekCOjLEfke6zqwlOwGixvk1foO8s+annfMnhC"},"senderMessageKeys":[]}]