[{"senderKeyId":934501942,"senderChainKey":{"iteration":1,"seed":"dqZ7yCfLNDSaptJHXxi93fuHAEClhEdoI2/X7JjdAYU="},"senderSigningKey":{"public":"BUET6flkGm9SiAM7J1JxHgrizUm3LARLghOb80y0N6wv"},"senderMessageKeys":[]},{"senderKeyId":1810808251,"senderChainKey":{"iteration":44,"seed":"D7vDr8SIcswfSFNhnuQmNiUetocUJxRlWvkEgYNulO4="},"senderSigningKey":{"public":"Bb2Sh2rp+4zxiuhEyT1CkorVzDcl3K8EZ5QEgsaXt19r"},"senderMessageKeys":[{}]},{"senderKeyId":2086997829,"senderChainKey":{"iteration":1,"seed":"GDoAV2WIYjDhs+Sz6cW6WV6VHwnvThCY5I3PAI52bso="},"senderSigningKey":{"public":"BY4sHUvW5lp2YoETvY+GlTkEs41F+TWgPsfvphfdV717"},"senderMessageKeys":[]},{"senderKeyId":1469947082,"senderChainKey":{"iteration":2,"seed":"8Ta8GGcOokNvy04nQGcsAAACUgbf0woQRjS1r+FYris="},"senderSigningKey":{"public":"BSD1/1DrQ+n0FLd/9EBEiUy7zZmIrhQ7LJ4nTgFHL8Yw"},"senderMessageKeys":[]},{"senderKeyId":1469947082,"senderChainKey":{"iteration":2,"seed":"8Ta8GGcOokNvy04nQGcsAAACUgbf0woQRjS1r+FYris="},"senderSigningKey":{"public":"BSD1/1DrQ+n0FLd/9EBEiUy7zZmIrhQ7LJ4nTgFHL8Yw"}}]