[{"senderKeyId":1091125199,"senderChainKey":{"iteration":4,"seed":"9fsft6Sv+86HSX57lOgIM7megfi1fdbYSnMdiX4zgpg="},"senderSigningKey":{"public":"BUPqGIn3EoWkC29rO5mdPkDp7h5XSIR9YwhCIEt4LQt8"},"senderMessageKeys":[]},{"senderKeyId":354169685,"senderChainKey":{"iteration":1,"seed":"1HLjC94BjKhNwQny+qdITOGsxeds7l+70rLfKIGBVJA="},"senderSigningKey":{"public":"BfuAtpqWh9317266eTRhpNls6RUsYXiZpgD9zMzvsA18"},"senderMessageKeys":[]},{"senderKeyId":354169685,"senderChainKey":{"iteration":1,"seed":"1HLjC94BjKhNwQny+qdITOGsxeds7l+70rLfKIGBVJA="},"senderSigningKey":{"public":"BfuAtpqWh9317266eTRhpNls6RUsYXiZpgD9zMzvsA18"}}]