[{"senderKeyId":2041484267,"senderChainKey":{"iteration":13,"seed":"czlcuHmy8lUOSDMwAVlIbhOM7WX6Mzt5cdUvTLveNRU="},"senderSigningKey":{"public":"BeYZR2BGRgA8XN/kJQC9VM4GSB/jFbY4hmfaBF7TsyRy","private":"gLIRq6RTt/72j5BdZKVGbPumKkAjvaRy7+KzEDsk90g="},"senderMessageKeys":[{"iteration":1,"seed":"mnug9p0BEtC6S7f+rI5BqQlWkx65uaXK280B3nO5ibM="},{"iteration":3,"seed":"NUPX1lMX1qzxZVRnqHzma4+RsSliHZguxV1Secp6zCc="},{"iteration":5,"seed":"ccJerYazSMoJ3sRrNOdEBKEKLZVpWXUKaFASa+aSelQ="},{"iteration":7,"seed":"bjbY9ElDPSj8qGVj5VTOYrJsZfujBw0pY5ZJwpU9+S8="},{},{}]}]