[{"senderKeyId":1470482932,"senderChainKey":{"iteration":2,"seed":"iW8+u/lBtdSDH2uE/CksE/nkK3gYZlJorOY9V5t3sro="},"senderSigningKey":{"public":"BakV238Z0vmeyLPvnitS4CdS7S8DAC9cHL62X8QIMIkC"},"senderMessageKeys":[]},{"senderKeyId":1470482932,"senderChainKey":{"iteration":1,"seed":"tlG2vU+dLo5MFAxM3Cs6BdI4cDCX/Bces8VkW1iGZug="},"senderSigningKey":{"public":"BakV238Z0vmeyLPvnitS4CdS7S8DAC9cHL62X8QIMIkC"},"senderMessageKeys":[]},{"senderKeyId":1495573639,"senderChainKey":{"iteration":2,"seed":"XeaArpkhiWYxQrIjCmBSG5kAUZfLYkboNDaUAd8zEfY="},"senderSigningKey":{"public":"BVF/mBo31NjWCvPxSJMcfKxCCVhnnMrQDpEIzLD/pbJl"},"senderMessageKeys":[]},{"senderKeyId":286506583,"senderChainKey":{"iteration":1,"seed":"3TeGeihE9TJ+9crRNuuolfZZIBBXfdCgNrTF66yXKUI="},"senderSigningKey":{"public":"Bb3zcSfK7Tj/Sb/wMwtW8ZRYcPRMOMY5qeTraSgnwbkr"},"senderMessageKeys":[]}]