[{"senderKeyId":801448088,"senderChainKey":{"iteration":14,"seed":"AhvFwM/7aFzNm9h26S/Gccskw3mNHoTxNnMkLJvA1+8="},"senderSigningKey":{"public":"BZ1RuiIDKDe0+Sp4nlCgrfG27BcXjurjhwrSZpVWdrgW"},"senderMessageKeys":[]},{"senderKeyId":1677587480,"senderChainKey":{"iteration":1,"seed":"sv/hIrrMefcGYF2/h6cRa3Qv7H76ztRo5LA0SP0KB9o="},"senderSigningKey":{"public":"BSCxhxgSjf1BIrGt4+UEULxZmJgdMw9IzS1pLF7ZA4Jg"},"senderMessageKeys":[]},{"senderKeyId":1677587480,"senderChainKey":{"iteration":1,"seed":"sv/hIrrMefcGYF2/h6cRa3Qv7H76ztRo5LA0SP0KB9o="},"senderSigningKey":{"public":"BSCxhxgSjf1BIrGt4+UEULxZmJgdMw9IzS1pLF7ZA4Jg"}}]