{"_sessions":{"BRTraRnGjXIgChAqoMfSK1jGrHv6KluBBiQN+aUiG71Q":{"registrationId":15074,"currentRatchet":{"ephemeralKeyPair":{"pubKey":"BdaMbkLurM3fTvVCcWkJ2YU9PTpVRd7AxgSt+2IzSgYu","privKey":"QOguK9KCSOavDC8f1LvMZreQCH6QhZ73NFNrnYhwsXI="},"lastRemoteEphemeralKey":"BTcvQRsTpA++s0+XzT4fJrcOMswboM9WnLVwXGvOtoMg","previousCounter":0,"rootKey":"D4OEw2LRQ5y/NEJfKFmRURxJ3/r4zn9kjeMG7h5xroo="},"indexInfo":{"baseKey":"BRTraRnGjXIgChAqoMfSK1jGrHv6KluBBiQN+aUiG71Q","baseKeyType":1,"closed":1728636986587,"used":1728636985940,"created":1728636985940,"remoteIdentityKey":"BeDZ8Z5QZYqDVlhgnlZLvg+Bheknck6Oatdx703Viukp"},"_chains":{"BdaMbkLurM3fTvVCcWkJ2YU9PTpVRd7AxgSt+2IzSgYu":{"chainKey":{"counter":0,"key":"c0JNN1NFLXQpfLXCeovj6UJ4VHrWsPFsg1QOX83Lm8g="},"chainType":1,"messageKeys":{}}},"pendingPreKey":{"signedKeyId":1,"baseKey":"BRTraRnGjXIgChAqoMfSK1jGrHv6KluBBiQN+aUiG71Q","preKeyId":657}},"BY8+VfXdEXdRHdQAkUn4YmlL6M97H7VrdNQBe3uFmeNq":{"registrationId":15074,"currentRatchet":{"ephemeralKeyPair":{"pubKey":"BXv0e7aVKQ0XC+lbj8piLhL5F4WdYewAZQjc41uPilYf","privKey":"WKDTiHMK0qHr/LjRe74IfYNOXpgani2xoIEDxEOJi3s="},"lastRemoteEphemeralKey":"BTcvQRsTpA++s0+XzT4fJrcOMswboM9WnLVwXGvOtoMg","previousCounter":0,"rootKey":"hMhGWqkiRd/Q+gTi9V2dbCxX1dKQG7iVprvpFqFYtK0="},"indexInfo":{"baseKey":"BY8+VfXdEXdRHdQAkUn4YmlL6M97H7VrdNQBe3uFmeNq","baseKeyType":1,"closed":-1,"used":1728636986532,"created":1728636986532,"remoteIdentityKey":"BeDZ8Z5QZYqDVlhgnlZLvg+Bheknck6Oatdx703Viukp"},"_chains":{"BXv0e7aVKQ0XC+lbj8piLhL5F4WdYewAZQjc41uPilYf":{"chainKey":{"counter":3,"key":"tK9DmoR6lH2LerWOXKk9APK9ZKendF9hoSY2hCXUoVU="},"chainType":1,"messageKeys":{}}},"pendingPreKey":{"signedKeyId":1,"baseKey":"BY8+VfXdEXdRHdQAkUn4YmlL6M97H7VrdNQBe3uFmeNq","preKeyId":608}}},"version":"v1"}