{"_sessions":{"BX5QtgTmgNKUbyb1KsMnuQtp1z372ImoMavy8CS2iiZd":{"registrationId":4592,"currentRatchet":{"ephemeralKeyPair":{"pubKey":"BZXMusZ/W5UPx1POf9cfBuiYKHdmeGBQcbUs+FWALvYq","privKey":"4ENh94fw+xWw/fqXr12S3l7iG/9w53ULP3qRG/jRF1o="},"lastRemoteEphemeralKey":"BUvrcBUNIpj6tRIQKdfMVbaknzpJMirfrF2wPO2vKbpc","previousCounter":0,"rootKey":"JGz7p9xBKqufNaOxcWEdOxF/Vs257Lxz+RHz1ydZKJs="},"indexInfo":{"baseKey":"BX5QtgTmgNKUbyb1KsMnuQtp1z372ImoMavy8CS2iiZd","baseKeyType":1,"closed":-1,"used":1728291758280,"created":1728291758280,"remoteIdentityKey":"BQoKEPWqeTMTgDkxKaFL2/WmI/AOKKugJ1E3N7jR77cA"},"_chains":{"BZXMusZ/W5UPx1POf9cfBuiYKHdmeGBQcbUs+FWALvYq":{"chainKey":{"counter":54,"key":"LmxYpxBR3elq0buxo/EI8mzP8B17eKkoHHmvP4Bj/NE="},"chainType":1,"messageKeys":{}}},"pendingPreKey":{"signedKeyId":1,"baseKey":"BX5QtgTmgNKUbyb1KsMnuQtp1z372ImoMavy8CS2iiZd","preKeyId":83}}},"version":"v1"}