{"_sessions":{"BYBq6rwSQ6fidgCOXVqs4gQpbfeVcwhZqX3qQkg5wPBx":{"registrationId":1275640346,"currentRatchet":{"ephemeralKeyPair":{"pubKey":"Be9L5sOy0uDeTt53cixWG5bCAN+GTDhP/RlUjjj/p2dE","privKey":"UIeXMisLfvGp/unbpq4/mGDHHI5RkbXTZEfz/jUzlnE="},"lastRemoteEphemeralKey":"Bap9/h6dkHp488rWvpl3i3hOCCeAWxWu+5AOmtba7sYb","previousCounter":0,"rootKey":"UqyNVvpeO3kHhbTpKvXGmwfHZEuNw0nai6A8Qlt47Hs="},"indexInfo":{"baseKey":"BYBq6rwSQ6fidgCOXVqs4gQpbfeVcwhZqX3qQkg5wPBx","baseKeyType":1,"closed":1728636986597,"used":1728636985971,"created":1728636985971,"remoteIdentityKey":"BR10zpY+Rq/giY39LWE2n5VChObRM7dro2IRDDv3AUQs"},"_chains":{"Be9L5sOy0uDeTt53cixWG5bCAN+GTDhP/RlUjjj/p2dE":{"chainKey":{"counter":0,"key":"yGk9yDx4hWMEVqBy3kNJ9oFxibUcXUUpoE6nV1c+Rzo="},"chainType":1,"messageKeys":{}}},"pendingPreKey":{"signedKeyId":3,"baseKey":"BYBq6rwSQ6fidgCOXVqs4gQpbfeVcwhZqX3qQkg5wPBx"}},"BdVvOmQZhQXnz9DRNrRrbGa2LOyUqPzr0XUN7PEvLRMg":{"registrationId":1275640346,"currentRatchet":{"ephemeralKeyPair":{"pubKey":"BbR1AKbucZp56dR0aYzbvxzV+zQGJyezYqwkAzDS+4UV","privKey":"oGFumQbsAXgwfPrsOe+pcfbstjuOhWdcW8reoo2JZHo="},"lastRemoteEphemeralKey":"Bap9/h6dkHp488rWvpl3i3hOCCeAWxWu+5AOmtba7sYb","previousCounter":0,"rootKey":"veMajiSkR6oLGzydlF/hK4Q+8hiGx/f5bn4ut1q+g5o="},"indexInfo":{"baseKey":"BdVvOmQZhQXnz9DRNrRrbGa2LOyUqPzr0XUN7PEvLRMg","baseKeyType":1,"closed":-1,"used":1728636986549,"created":1728636986549,"remoteIdentityKey":"BR10zpY+Rq/giY39LWE2n5VChObRM7dro2IRDDv3AUQs"},"_chains":{"BbR1AKbucZp56dR0aYzbvxzV+zQGJyezYqwkAzDS+4UV":{"chainKey":{"counter":3,"key":"Bo3XGf49vXYMltTaOM22DDDFW2cpVvnn/AdMvp5nph0="},"chainType":1,"messageKeys":{}}},"pendingPreKey":{"signedKeyId":3,"baseKey":"BdVvOmQZhQXnz9DRNrRrbGa2LOyUqPzr0XUN7PEvLRMg"}}},"version":"v1"}