{"_sessions":{"BTKjIJfnraxcokMhgi/4P02iN5S4+DjB1ELi+KsSsDdS":{"registrationId":1664142082,"currentRatchet":{"ephemeralKeyPair":{"pubKey":"BRxN+xD2Oz2T8+1O8zXtXA110SsnhR88vR0MaWZdBEsm","privKey":"yH3V9KBiJqSJb48qnFTm2UbF0ol8ob8rPzegTpdn20U="},"lastRemoteEphemeralKey":"BROhfPglJ45rVugOzs9v1Uk6cYzDFvTDE5T5SUEuPSNt","previousCounter":4,"rootKey":"ZSYA046VLizSC/j7cNZCek16CRmLk/y3gHqdfrou2vw="},"indexInfo":{"baseKey":"BTKjIJfnraxcokMhgi/4P02iN5S4+DjB1ELi+KsSsDdS","baseKeyType":2,"closed":-1,"used":1728636997961,"created":1728636980374,"remoteIdentityKey":"BS+EA7bZ9AxP9h+X6IKIja3bFrt6e3ik6UGr+9tnYr8C"},"_chains":{"BWJtndpdMYWkUfXXNXt7jUtlByoD9o6c0u8VLErLJ3B0":{"chainKey":{"counter":2},"chainType":2,"messageKeys":{}},"BROhfPglJ45rVugOzs9v1Uk6cYzDFvTDE5T5SUEuPSNt":{"chainKey":{"counter":0,"key":"El1DGkeBk/T7cjAoC6RhXVhkH+iwHnDLDXmLgo2T+7Q="},"chainType":2,"messageKeys":{}},"BRxN+xD2Oz2T8+1O8zXtXA110SsnhR88vR0MaWZdBEsm":{"chainKey":{"counter":-1,"key":"zVSFy5vbwwmUU6bRtEm0qmIKrh6olBW3dgCtsFaw62Y="},"chainType":1,"messageKeys":{}}}}},"version":"v1"}