{"_sessions":{"BY357ZV0guncwlVjKvFNqXrD8A0Ny5a/0laazNUM+Lcn":{"registrationId":33208643,"currentRatchet":{"ephemeralKeyPair":{"pubKey":"BarvrhVy5KO1Cv6Qrf93U2v6ytNqVbh87vTlKcphSwgu","privKey":"AJ9a67cMdb/QvnOwbMwjb5385ESTLMm1CT/oU9KWins="},"lastRemoteEphemeralKey":"Bd1udwofiabblYP6uSYXszz6wBepXKUkPw/kDyx3H5lo","previousCounter":0,"rootKey":"6MwacizkeDi1ZspgnLfaEoX8UCInz+o6pIEZbq/0dws="},"indexInfo":{"baseKey":"BY357ZV0guncwlVjKvFNqXrD8A0Ny5a/0laazNUM+Lcn","baseKeyType":2,"closed":-1,"used":1728636983650,"created":1728636983650,"remoteIdentityKey":"BdoE+eeC256+GAafBPSiXHLmBdlTUe0KmGSprp9e97kc"},"_chains":{"Bd1udwofiabblYP6uSYXszz6wBepXKUkPw/kDyx3H5lo":{"chainKey":{"counter":3,"key":"An8ORZ2DDf8fd2lVoYmU8t/BOz/VqgD6lhxNQrIe8EQ="},"chainType":2,"messageKeys":{}},"BarvrhVy5KO1Cv6Qrf93U2v6ytNqVbh87vTlKcphSwgu":{"chainKey":{"counter":4,"key":"OI0tQmzEAVRUnP22X3lzFc0wpaTea4FxABRZspwHMMs="},"chainType":1,"messageKeys":{}}}}},"version":"v1"}