{"_sessions":{"Bc1tcx0kZZfsRZgzKSmUFL0OVcu7jY7N2zcgB3wf6adP":{"registrationId":1384884208,"currentRatchet":{"ephemeralKeyPair":{"pubKey":"BcC1T7rlvtN3g/3tO31qBKU69B2dLOAHkWzsANk5jWx4","privKey":"uAUAel7rKNxg1221krM3Rm7AToVGs9NwaeIJIJvHqlU="},"lastRemoteEphemeralKey":"BWH8FRDER0y02McWp+pVQ/YMd1XGIq+vukx8WeQoToMJ","previousCounter":0,"rootKey":"RIGcPvRWGWwB0DW5YTsvP+kAAzMqC+VW6dCv+SPxR+4="},"indexInfo":{"baseKey":"Bc1tcx0kZZfsRZgzKSmUFL0OVcu7jY7N2zcgB3wf6adP","baseKeyType":1,"closed":1728636986607,"used":1728636986007,"created":1728636986007,"remoteIdentityKey":"Baw8MKUqK/okFCHgGT7KZ/15VwWGjv22sh03fOJCxcZu"},"_chains":{"BcC1T7rlvtN3g/3tO31qBKU69B2dLOAHkWzsANk5jWx4":{"chainKey":{"counter":0,"key":"WUvs5yJ1Qf3a/xRoXY652R+BQUsIQ9QRzfNUYoS+LBc="},"chainType":1,"messageKeys":{}}},"pendingPreKey":{"signedKeyId":1,"baseKey":"Bc1tcx0kZZfsRZgzKSmUFL0OVcu7jY7N2zcgB3wf6adP","preKeyId":8013586}},"BRzjut5ik1riB1Pibl8CnJWfCiIkIIHEExpyBgoFVHko":{"registrationId":1384884208,"currentRatchet":{"ephemeralKeyPair":{"pubKey":"BYSnu6caNLqHxgZaNgIAIT1sxRNZ6efGzTpQrLGcyFUs","privKey":"sI8YhcocKm55krr/aRcU4GgmSCAd/gKSxfsk0rO2fFA="},"lastRemoteEphemeralKey":"BWH8FRDER0y02McWp+pVQ/YMd1XGIq+vukx8WeQoToMJ","previousCounter":0,"rootKey":"KkeK6Emk8bw1Dp6mElvTriNXxKqJoPKEA9/Rhfo3BZE="},"indexInfo":{"baseKey":"BRzjut5ik1riB1Pibl8CnJWfCiIkIIHEExpyBgoFVHko","baseKeyType":1,"closed":-1,"used":1728636986569,"created":1728636986569,"remoteIdentityKey":"Baw8MKUqK/okFCHgGT7KZ/15VwWGjv22sh03fOJCxcZu"},"_chains":{"BYSnu6caNLqHxgZaNgIAIT1sxRNZ6efGzTpQrLGcyFUs":{"chainKey":{"counter":3,"key":"44Pe0j/jNCp1+JTLbtAr9/Q832eWm4/nmL05pGg9P68="},"chainType":1,"messageKeys":{}}},"pendingPreKey":{"signedKeyId":1,"baseKey":"BRzjut5ik1riB1Pibl8CnJWfCiIkIIHEExpyBgoFVHko","preKeyId":8014300}}},"version":"v1"}