{"_sessions":{"BcBrHABZqlaGyx4jqcHxrbpKWloPwm8MuZzx+rCsNI5F":{"registrationId":1701528630,"currentRatchet":{"ephemeralKeyPair":{"pubKey":"BbBKXCUQeyr1BA+GK/sWigFoeQrIgh7dKJjzeJjx//0m","privKey":"EOYpWDsIcCqW3L0CrENnKP3se1EJ/+ZAQ9GOe0o5LEU="},"lastRemoteEphemeralKey":"BdfxoYSpV2e2OP3YsFIRdJrlZwMJZe5BgfnbYnOKjLwg","previousCounter":0,"rootKey":"qg2NHIV4gL/cg1SM+TRPgIW4ENis2uTOdIHLQNm5ECQ="},"indexInfo":{"baseKey":"BcBrHABZqlaGyx4jqcHxrbpKWloPwm8MuZzx+rCsNI5F","baseKeyType":1,"closed":1728636986601,"used":1728636985993,"created":1728636985993,"remoteIdentityKey":"BQdgh+ReBQCtTgBbAvpri3DUazXDRa9gqiLpU32I5LU2"},"_chains":{"BbBKXCUQeyr1BA+GK/sWigFoeQrIgh7dKJjzeJjx//0m":{"chainKey":{"counter":0,"key":"bKpnYvqjrYoPIf1G0lBJjI7QCGw1Lyp0yGMhWBWGuZI="},"chainType":1,"messageKeys":{}}},"pendingPreKey":{"signedKeyId":4,"baseKey":"BcBrHABZqlaGyx4jqcHxrbpKWloPwm8MuZzx+rCsNI5F","preKeyId":7618162}},"BdnVMCSzM0/XXUKjTLSRTLMLt/zXNhKZndDFxNs6qnkk":{"registrationId":1701528630,"currentRatchet":{"ephemeralKeyPair":{"pubKey":"Ba+Wq2sjvlWXVe6vhVlttIQpPoRd00yl19EiMCdbSFkA","privKey":"8JWxrPbWSAQA2ItJso1Z25IP1/UAtejgppzaSqxzaEE="},"lastRemoteEphemeralKey":"BUJbKFADB9CyH2SJbNH/oDbPQl/wKTFMDZ/6xQJL7v8g","previousCounter":3,"rootKey":"097uIvipxKzZyUvwPiP9PgqoksSTLfabJVk2EdQkvzM="},"indexInfo":{"baseKey":"BdnVMCSzM0/XXUKjTLSRTLMLt/zXNhKZndDFxNs6qnkk","baseKeyType":1,"closed":1728636990194,"used":1728637036291,"created":1728636986561,"remoteIdentityKey":"BQdgh+ReBQCtTgBbAvpri3DUazXDRa9gqiLpU32I5LU2"},"_chains":{"BUJbKFADB9CyH2SJbNH/oDbPQl/wKTFMDZ/6xQJL7v8g":{"chainKey":{"counter":0,"key":"Lacly3eF/swcvvtHCCPC21zKqSk9/YJ7FTDcgspJPMU="},"chainType":2,"messageKeys":{}},"Ba+Wq2sjvlWXVe6vhVlttIQpPoRd00yl19EiMCdbSFkA":{"chainKey":{"counter":-1,"key":"LrMh4D6ZJlvZ0tdIYWkINZZuJ1/0SJzMFBu5UmMPy0I="},"chainType":1,"messageKeys":{}}}},"BQN8Ela4kPQgoSYnZBTjp4tmEQHDTthSkeyc7OhSqvRx":{"registrationId":1701528630,"currentRatchet":{"ephemeralKeyPair":{"pubKey":"BUBhUWAdKjXj35wgqhXNxJtkujH3gxlhPXEnkFp6v04Y","privKey":"WIf8nDwrBmqQEOYPjMP8nM9P1IfOOlhTZN9b25LAFEg="},"lastRemoteEphemeralKey":"BUJbKFADB9CyH2SJbNH/oDbPQl/wKTFMDZ/6xQJL7v8g","previousCounter":-1,"rootKey":"GG/LW9CJSCb4uh7+ZKfNyuvpUVeF37Q5k3ZCH/+6suk="},"indexInfo":{"baseKey":"BQN8Ela4kPQgoSYnZBTjp4tmEQHDTthSkeyc7OhSqvRx","baseKeyType":2,"closed":-1,"used":1728636990197,"created":1728636990197,"remoteIdentityKey":"BQdgh+ReBQCtTgBbAvpri3DUazXDRa9gqiLpU32I5LU2"},"_chains":{"BcCTFpANDVTqXYsDgc9EY2inzGQ2LemjdGRSocTCeoFb":{"chainKey":{"counter":0},"chainType":2,"messageKeys":{}},"BUJbKFADB9CyH2SJbNH/oDbPQl/wKTFMDZ/6xQJL7v8g":{"chainKey":{"counter":0,"key":"fE3Aee05gKrFsyKU5c6pwx15IreBnvC9IV9crKZmaMw="},"chainType":2,"messageKeys":{}},"BUBhUWAdKjXj35wgqhXNxJtkujH3gxlhPXEnkFp6v04Y":{"chainKey":{"counter":-1,"key":"mjtrqrcKLGbAwlo8IRTchF20EDbOi7dLE5d/PMmK1+Q="},"chainType":1,"messageKeys":{}}}}},"version":"v1"}