{"_sessions":{"BYBOMl+plkuCfbV7+xSe81Qktt7mgTXah6+4lESAB6AH":{"registrationId":15300,"currentRatchet":{"ephemeralKeyPair":{"pubKey":"Beo43V/y5aKNIARMOq3JRM7MQAv6ZSLePEdgXAtzoCwp","privKey":"WBfIsZKbb9cCz0fwk37OenwCP5YPX2rek+175Hkjg08="},"lastRemoteEphemeralKey":"BTqW9b14SVOCvrpuVYZX4A/9gkjVmP4EWF4Fi4gFrQF+","previousCounter":0,"rootKey":"Ykz1KQPPgPNlj5WL6VB8LpX3d7khlwFXLyMIJsq+p/I="},"indexInfo":{"baseKey":"BYBOMl+plkuCfbV7+xSe81Qktt7mgTXah6+4lESAB6AH","baseKeyType":1,"closed":1728636986590,"used":1728636985952,"created":1728636985952,"remoteIdentityKey":"BbNHW+dXhOAyIOj7mFss25hI6/kdic7m1mr9y6mtjPIh"},"_chains":{"Beo43V/y5aKNIARMOq3JRM7MQAv6ZSLePEdgXAtzoCwp":{"chainKey":{"counter":0,"key":"v1FXxIlukxcTMw3BCb9BdC60wx7xZLZsP3yrRMqTrh0="},"chainType":1,"messageKeys":{}}},"pendingPreKey":{"signedKeyId":1,"baseKey":"BYBOMl+plkuCfbV7+xSe81Qktt7mgTXah6+4lESAB6AH"}},"BUsCsFZ4+OQLQgIVuQaaw3W6RDIsn2u3H56bNSAWdGBM":{"registrationId":15300,"currentRatchet":{"ephemeralKeyPair":{"pubKey":"BZFvyih1sJKLSX3I/vPMnCMyJ42VLW9YFYvPXM+BjlAC","privKey":"cDkV7a3rlwPnJJo24Xd9B2QPzQ5FxDk1TLRo30lPH3k="},"lastRemoteEphemeralKey":"BTqW9b14SVOCvrpuVYZX4A/9gkjVmP4EWF4Fi4gFrQF+","previousCounter":0,"rootKey":"okmxls1tIsAu499XXj2puaJX1EK1/RIEA2NoWL+t3nc="},"indexInfo":{"baseKey":"BUsCsFZ4+OQLQgIVuQaaw3W6RDIsn2u3H56bNSAWdGBM","baseKeyType":1,"closed":-1,"used":1728636986538,"created":1728636986538,"remoteIdentityKey":"BbNHW+dXhOAyIOj7mFss25hI6/kdic7m1mr9y6mtjPIh"},"_chains":{"BZFvyih1sJKLSX3I/vPMnCMyJ42VLW9YFYvPXM+BjlAC":{"chainKey":{"counter":3,"key":"+UVXB2ClJSs5IMbogDJAGjXePL60fVv9V9x4kJruSvM="},"chainType":1,"messageKeys":{}}},"pendingPreKey":{"signedKeyId":1,"baseKey":"BUsCsFZ4+OQLQgIVuQaaw3W6RDIsn2u3H56bNSAWdGBM"}}},"version":"v1"}