{"_sessions":{"BfHLKR7NwegNCA0ry0mQOhbiLicvHpfu+nF/V7FjLjkS":{"registrationId":1712107234,"currentRatchet":{"ephemeralKeyPair":{"pubKey":"BSUDaqpXY54Nq58+fVki2nd/Q2iUiZ2LBBNDAsQ/3ksg","privKey":"4PqfZQ+VnsXhuuVBMSiqYTZn2m4U8yVnUWY6xhUCHW8="},"lastRemoteEphemeralKey":"BdGJdeZaqTgtYAxCglDHoD+8OLazszBjuDepjcsMc/dF","previousCounter":4,"rootKey":"DjIf1NzpRjt4nerofBK8hd4IGeYf8gZcczOndaf4iqw="},"indexInfo":{"baseKey":"BfHLKR7NwegNCA0ry0mQOhbiLicvHpfu+nF/V7FjLjkS","baseKeyType":2,"closed":-1,"used":1728636997901,"created":1728636977541,"remoteIdentityKey":"BZhN9ZCVSzlBX4MemdAakylCsGOx7FoRLxyYK2KTgZgM"},"_chains":{"BfqoPEDd2uCsohfurieFyuYRMU2p1HO4U+I/dVU4upUp":{"chainKey":{"counter":6},"chainType":2,"messageKeys":{}},"BdGJdeZaqTgtYAxCglDHoD+8OLazszBjuDepjcsMc/dF":{"chainKey":{"counter":0,"key":"wzRawocm4bOVxobDVSK6LNzuTtHCsfiFuBRfkGZzXbc="},"chainType":2,"messageKeys":{}},"BSUDaqpXY54Nq58+fVki2nd/Q2iUiZ2LBBNDAsQ/3ksg":{"chainKey":{"counter":-1,"key":"KpVD2JExc7WJbk/AiFVtbXjm+kdy0OEG9ubiw2RVIsg="},"chainType":1,"messageKeys":{}}}}},"version":"v1"}