{"_sessions":{"BZfqunPFrBAdC10/clg7GF7qr8fnhqn0gqP8Mnp08xEN":{"registrationId":1691897394,"currentRatchet":{"ephemeralKeyPair":{"pubKey":"BeUBDbSfD/puq/0I9GCnehvmXAxOKhNzfy5RyvkQyqQL","privKey":"+DPKx7tzjbAqI3vDwfQ6Hb27ihE8trYjgmtvVGx4OHA="},"lastRemoteEphemeralKey":"BXe3uFgEbfZ29vyFpfNHClMtcR3gKDTEp2rFJ80QAxUn","previousCounter":0,"rootKey":"SyUnbwqst6ww8VmCYZHzpEGMPR8rd5uFtEPFemnvqUE="},"indexInfo":{"baseKey":"BZfqunPFrBAdC10/clg7GF7qr8fnhqn0gqP8Mnp08xEN","baseKeyType":2,"closed":-1,"used":1728636978429,"created":1728636978429,"remoteIdentityKey":"BSbVMu/MFObLoI+vZaEoIzqNzNR5926kx9Bd9w4IIeE/"},"_chains":{"BXe3uFgEbfZ29vyFpfNHClMtcR3gKDTEp2rFJ80QAxUn":{"chainKey":{"counter":3,"key":"4EzInFFde5bnXfNFD7KXBcfItb+YuvcLB5ERCeMAV9g="},"chainType":2,"messageKeys":{}},"BeUBDbSfD/puq/0I9GCnehvmXAxOKhNzfy5RyvkQyqQL":{"chainKey":{"counter":4,"key":"ahvaIbW/4jNOisAk4m0+eKIypsEtPgcRrpslx14ncO4="},"chainType":1,"messageKeys":{}}}}},"version":"v1"}