{"_sessions":{"BQwAID+uMicZJ9AHBX40RJHyM/T+WHJ5ep33mIe2HBAf":{"registrationId":1074722554,"currentRatchet":{"ephemeralKeyPair":{"pubKey":"BcqKwXAZeKtghAV6s/RtnilevzRX0g8NFJILX/Qxm5Q3","privKey":"6D9YsFP2rChUj55jhUrIWEBmKGpewsuI8SeR1MdBGVk="},"lastRemoteEphemeralKey":"Bbmo/HQKpdjSmqn/PpFquskdut5yJv8zfrr+gkY9fY5h","previousCounter":0,"rootKey":"fMnxOmkL721tgswjw1PDxLiy35G/v+y/Kk37jahCo8A="},"indexInfo":{"baseKey":"BQwAID+uMicZJ9AHBX40RJHyM/T+WHJ5ep33mIe2HBAf","baseKeyType":2,"closed":-1,"used":1728637287037,"created":1728291736504,"remoteIdentityKey":"BXfoSpJS2dXtjmQQH0KRydW75SaMSEp7jmNFxI5b2Itz"},"_chains":{"BaASp9IkUJjLGtKT/w3ktowVRAR7HlT5/SXDWs1PAIwQ":{"chainKey":{"counter":8},"chainType":2,"messageKeys":{}},"BeSprHp0Gk1SPAAIyQJ0lYVav+NhMBQpTbmrDCYrGotx":{"chainKey":{"counter":3},"chainType":2,"messageKeys":{}},"BdHEaiQWzSPOCPh9/RkUR24zRB+LPyJNejuc8LnnjBRR":{"chainKey":{"counter":2},"chainType":2,"messageKeys":{}},"BdnghQgApCutQNHjUtIYwVO7qe4RP9phE3mxFHa0DDxD":{"chainKey":{"counter":0},"chainType":2,"messageKeys":{}},"BU7Wo45Yg6AYSC0zjaWcUO/sDfY2/TvdQepJkmKn2fle":{"chainKey":{"counter":0},"chainType":2,"messageKeys":{}},"BXjCrfIXwT6IM/jWu3q5iPLR3KcH/QOf4hXuQ8mgvcJ8":{"chainKey":{"counter":0},"chainType":2,"messageKeys":{}},"BZl5j8u2cG8Cdldab+86QDNGscts40cnTnP3c0mxs/Ip":{"chainKey":{"counter":0},"chainType":2,"messageKeys":{}},"Bbmo/HQKpdjSmqn/PpFquskdut5yJv8zfrr+gkY9fY5h":{"chainKey":{"counter":2,"key":"LBMjCqgAVd6YER5Xy01+RsTBXswYc0X875mXX3Tf+Wk="},"chainType":2,"messageKeys":{}},"BcqKwXAZeKtghAV6s/RtnilevzRX0g8NFJILX/Qxm5Q3":{"chainKey":{"counter":4,"key":"KUl58xi8rIfCCIFbNreiyMTT1voz/o6XVKP23uvJyb0="},"chainType":1,"messageKeys":{}}}}},"version":"v1"}