{"_sessions":{"BXRxUHTYrIYs7lunypE+16oH0MrFdeo/LYSSab0PUk9P":{"registrationId":2113861112,"currentRatchet":{"ephemeralKeyPair":{"pubKey":"BUPWJRGcpLm/rmS3e3NrZ1HScDi4jyLwALTl2IYa0CFX","privKey":"KDpnmP1c68/tbKeXE6/5x8rqxjTe9xp2t4Oz9AxELnc="},"lastRemoteEphemeralKey":"BTQkzzYdKCsUtuh+PqhQ9WmwF/TCC5bJ+6WpaD5NI3so","previousCounter":0,"rootKey":"XDXMfqyhKYxY1g1MChegL2gzPofsV1adhri19oJ9JGk="},"indexInfo":{"baseKey":"BXRxUHTYrIYs7lunypE+16oH0MrFdeo/LYSSab0PUk9P","baseKeyType":1,"closed":1728636986618,"used":1728636986028,"created":1728636986028,"remoteIdentityKey":"BT+EtIMSSHRcQ+IlVY7/fjIO479fBm+c+kl1vSpajjEh"},"_chains":{"BUPWJRGcpLm/rmS3e3NrZ1HScDi4jyLwALTl2IYa0CFX":{"chainKey":{"counter":0,"key":"Vo09c+Mvkpp05OSWeAnzHPjX9QbKnFxGrbKiEL1hVmA="},"chainType":1,"messageKeys":{}}},"pendingPreKey":{"signedKeyId":1,"baseKey":"BXRxUHTYrIYs7lunypE+16oH0MrFdeo/LYSSab0PUk9P","preKeyId":5537138}},"BfugTFxaAfaE79KlDfhjPu3i3idMuP/8w+yHmOIjfSMo":{"registrationId":2113861112,"currentRatchet":{"ephemeralKeyPair":{"pubKey":"BWmZrWWtZqKlTABnWRb4O1m+gPD76PP99W/rAz3sx+Q7","privKey":"EC0E68jRNXgwJGieyAw3RLiYrRn6TjknJy2RW+3E/kY="},"lastRemoteEphemeralKey":"BcIICLHjOROPewHWVnIBN7i4otDMuW4sNom/C/NfIQpl","previousCounter":3,"rootKey":"BPkh1Zrpdcztwl2yBGwOhl9Nujrwo0o5kW9aOxO8sD8="},"indexInfo":{"baseKey":"BfugTFxaAfaE79KlDfhjPu3i3idMuP/8w+yHmOIjfSMo","baseKeyType":1,"closed":1728636990223,"used":1728637041645,"created":1728636986581,"remoteIdentityKey":"BT+EtIMSSHRcQ+IlVY7/fjIO479fBm+c+kl1vSpajjEh"},"_chains":{"BcIICLHjOROPewHWVnIBN7i4otDMuW4sNom/C/NfIQpl":{"chainKey":{"counter":0,"key":"2hCOYrmuNOTMPn6mOxOiIdjr/c1IYniAD60CCJ1C2cM="},"chainType":2,"messageKeys":{}},"BWmZrWWtZqKlTABnWRb4O1m+gPD76PP99W/rAz3sx+Q7":{"chainKey":{"counter":-1,"key":"vz7Jru//w2CpD7yFYVcqc9VIFpiA0+EwzE/QU0EmU2I="},"chainType":1,"messageKeys":{}}}},"Bc8nrhOStlKlD6y7uM3qxewOB+Db6+nJ5pX3Z+lhqW0t":{"registrationId":2113861112,"currentRatchet":{"ephemeralKeyPair":{"pubKey":"BWi7PE2yQ7Fnxq6Xj32DZxLb+dGdrqahrrZPhNBDWIRl","privKey":"kFceoH6l2gjPxrLdpMIxvss2IKGtG0aXnCQE23yEZlQ="},"lastRemoteEphemeralKey":"BcIICLHjOROPewHWVnIBN7i4otDMuW4sNom/C/NfIQpl","previousCounter":-1,"rootKey":"m7ZuIazuT7lzq6EWmCqzvhfLSTNNBVaAT0+cSgxUKMs="},"indexInfo":{"baseKey":"Bc8nrhOStlKlD6y7uM3qxewOB+Db6+nJ5pX3Z+lhqW0t","baseKeyType":2,"closed":-1,"used":1728636990227,"created":1728636990227,"remoteIdentityKey":"BT+EtIMSSHRcQ+IlVY7/fjIO479fBm+c+kl1vSpajjEh"},"_chains":{"Bbw+juqZBRzu0WnfDEmy9dOBP5+vStgy9FAgMzVr12gp":{"chainKey":{"counter":0},"chainType":2,"messageKeys":{}},"BcIICLHjOROPewHWVnIBN7i4otDMuW4sNom/C/NfIQpl":{"chainKey":{"counter":0,"key":"fY7M9ceB6B6lQfkU49Or0Iuq4J1xUEqFh4igLBA3Sag="},"chainType":2,"messageKeys":{}},"BWi7PE2yQ7Fnxq6Xj32DZxLb+dGdrqahrrZPhNBDWIRl":{"chainKey":{"counter":-1,"key":"b+1UCl/GfjeG/NcOzn9uSbYEtC4WqfC80pC7rwaZ+wY="},"chainType":1,"messageKeys":{}}}}},"version":"v1"}