{"_sessions":{"BfE4SDZ9N7Guz0NZd399YXy9BDzUrd/HGF+N3qSbx4Z5":{"registrationId":2093977781,"currentRatchet":{"ephemeralKeyPair":{"pubKey":"Bdjk+EqABbMZhntSJGcluV9g5CNyubsxbBiGzyoMVSBm","privKey":"ULiiaJSUOv/blXpXzI3RKL9qp66jSK8AOV0its9N3UQ="},"lastRemoteEphemeralKey":"Bc2lV8XX0fz42BESiJ4UlpwoVNAS7wDsrguhvDH5MfZ+","previousCounter":0,"rootKey":"QNobp34SFwJTL3SHkRbh/0iXqfNc2829w0qbk3+mkFc="},"indexInfo":{"baseKey":"BfE4SDZ9N7Guz0NZd399YXy9BDzUrd/HGF+N3qSbx4Z5","baseKeyType":2,"closed":-1,"used":1728637324076,"created":1728291756779,"remoteIdentityKey":"Bcd748S8aM0Kh8pgklPu0zySFxSzsqBcbpY4po2zhx4j"},"_chains":{"Be+TQlXd14PTTBV4xpYHavhrIJF84k8DzAdl3+vpzSlt":{"chainKey":{"counter":0},"chainType":2,"messageKeys":{}},"BdW12K+LGGzWKnWilT73bG2D0p+iQf5vEozZT7Xvaekv":{"chainKey":{"counter":0},"chainType":2,"messageKeys":{}},"BShloVOWup81V1RMHbRobGRYNBilBgp9GJ9NKP7VVCMr":{"chainKey":{"counter":0},"chainType":2,"messageKeys":{}},"BU3RZb9bWXfEhUEfufakFcMf+lK6vFhxC5ezXpXzaCFS":{"chainKey":{"counter":2},"chainType":2,"messageKeys":{}},"BaaXAQk75H23MJt5m41X3vq72aK8olAer5s0hxZpMkpc":{"chainKey":{"counter":0},"chainType":2,"messageKeys":{}},"BeB1LadrosmVv2KWB1rusq8COzaInhc1AkFpjmGUw1N+":{"chainKey":{"counter":0},"chainType":2,"messageKeys":{}},"BeS6YKZ6r8c5+uBfxXM6i7ak0JvBuosY1xHGLMRU+BYG":{"chainKey":{"counter":2},"chainType":2,"messageKeys":{}},"BdPZ/0ZJQFATuQqiF7F45eOyiRF2cqfp7dhQai683OdE":{"chainKey":{"counter":0},"chainType":2,"messageKeys":{}},"BVF5s3hASvxdC5viTCtNl12HUWze+pDr/VVgCkDuxj15":{"chainKey":{"counter":2},"chainType":2,"messageKeys":{}},"BXBbqEdVNYazwXWHNG52TL4WtiroPmSKWeUPQN+WKnlo":{"chainKey":{"counter":0},"chainType":2,"messageKeys":{}},"BVATWUxfU7MSbk5gIlNYoQMMdoqRlAJN/tgaYXvrKK4B":{"chainKey":{"counter":0},"chainType":2,"messageKeys":{}},"BaOgm7R5E6aSGNy1ks7csgYqjZTxv2Cjjw5SJPneRnwE":{"chainKey":{"counter":0},"chainType":2,"messageKeys":{}},"BSctxG8QKhyFcjhr1frBx1jQyR5Ncg4om+k/k7X34Edb":{"chainKey":{"counter":1},"chainType":2,"messageKeys":{}},"BR6pSn5sXCWJVwS2S102gNwtEuCyGxkEqNJPPLRYrUQS":{"chainKey":{"counter":1},"chainType":2,"messageKeys":{}},"Bag24iQbEAxsXvuYg5U8KYCc6Z3yp561ekazVtF7Y48J":{"chainKey":{"counter":0},"chainType":2,"messageKeys":{}},"BS7DrX/wxKDb/Ze6g+QrlYO6oHp2+Ydy6Z/ZuRUVPWsz":{"chainKey":{"counter":0},"chainType":2,"messageKeys":{}},"BQvz3PVAv+virZSIEDTMeOzOwZhoxbHDBheSHz/2Pl1X":{"chainKey":{"counter":0},"chainType":2,"messageKeys":{}},"BdLKwszyiKlpPUuyqNqhpEOJZOXxuGLn2ZPIKeFNM8oL":{"chainKey":{"counter":1},"chainType":2,"messageKeys":{}},"BacPoN68hmrywnyJSnIu/NHZq1a0/67g7XeLVdjrcIU+":{"chainKey":{"counter":1},"chainType":2,"messageKeys":{}},"BWfCLABkDWsV4T7CVL1vYdVXzNKn77Ak5dbdskO5+I9Z":{"chainKey":{"counter":0},"chainType":2,"messageKeys":{}},"BRjQfwi0kfwdYm5aymU2q/+bwIcxXPfcnGsIfld0lTl/":{"chainKey":{"counter":0},"chainType":2,"messageKeys":{}},"BTQsB5yo6ckkeH7BGp/UDPzQ6h62W8/SXd97IIS/+9k6":{"chainKey":{"counter":0},"chainType":2,"messageKeys":{}},"BUcjYZdL1vRyM5Dy1jFUBL+tdc91l0c8MB2wKEWsVhwc":{"chainKey":{"counter":2},"chainType":2,"messageKeys":{}},"BesNc46825EOhJHNOxG3LSE5SvPLTvs4vgpj3f92mz1Z":{"chainKey":{"counter":1},"chainType":2,"messageKeys":{}},"BSt2Z/uEIdVXdGjoHwp6s2BEhPy3CryMuICaSxhA701l":{"chainKey":{"counter":0},"chainType":2,"messageKeys":{}},"BUjHQAlfoz1UumeFqBGenc8gRG4A8EMHUSqej4N1u2Q4":{"chainKey":{"counter":3},"chainType":2,"messageKeys":{}},"BRuHZfI70r5AOuxyKUAIzpewT+EDknc05MYKDBW54fQT":{"chainKey":{"counter":1},"chainType":2,"messageKeys":{}},"BRZiGDXEqbXLxXAtUExrJkoadbMnHNQyIMxhjaNybt9a":{"chainKey":{"counter":0},"chainType":2,"messageKeys":{}},"BbyWovGNYlwtRMqeyayqPy9ifk/mDAP/TjadGdA69S0v":{"chainKey":{"counter":4},"chainType":2,"messageKeys":{}},"BZmCjpYkHbn0ZqNdxD6ndoh37gyLPvF3g8eOcch5MWlw":{"chainKey":{"counter":1},"chainType":2,"messageKeys":{}},"BZq+zCE+cAoAGz+78vuYtrvBDQ+VBixiFWjmj0qJI6xK":{"chainKey":{"counter":10},"chainType":2,"messageKeys":{"1":"R0IEg1O0rUeAcn0Q80ppO2183xK1sBk61V4ICpItbJc="}},"BX4F08XZIwcPBj4QyAYrmg7FiPQCsNEs5aZpMQavalRG":{"chainKey":{"counter":0},"chainType":2,"messageKeys":{}},"BcuHVTjPrjCC7yBvm+PafRz0uj8t3SHWDaV6wN435Xpk":{"chainKey":{"counter":0},"chainType":2,"messageKeys":{}},"Bc2lV8XX0fz42BESiJ4UlpwoVNAS7wDsrguhvDH5MfZ+":{"chainKey":{"counter":0,"key":"8DYqhtpm6kPhWupFEiPRk3vxxZYlevtyV/8Uj9db1iw="},"chainType":2,"messageKeys":{}},"Bdjk+EqABbMZhntSJGcluV9g5CNyubsxbBiGzyoMVSBm":{"chainKey":{"counter":1,"key":"rxLKa4OxZ8IbSafiCDSsFclTWlzxJdCZao0jIibj77c="},"chainType":1,"messageKeys":{}}}}},"version":"v1"}