{"_sessions":{"BTzFsqoiQeaLf2JClFMPvBYaSS0NL4BboUHv4L/YZcEL":{"registrationId":1006903014,"currentRatchet":{"ephemeralKeyPair":{"pubKey":"BQ+S+neIWkx3kJ9XJLAA8QPNx8rimecAd3myLrXf82YB","privKey":"ECwWpgSWWa9PvXbSuvtS4FwPOWf48BKoTFm6dm/45Ws="},"lastRemoteEphemeralKey":"Bcj4FHfZY4/FydyuRmmz0YWzOgWuXoTWyFd9lSlcIDAR","previousCounter":0,"rootKey":"I7BZrK1aNSplSohIaaQCWuYBsTsSysybiFm4A0ItUB8="},"indexInfo":{"baseKey":"BTzFsqoiQeaLf2JClFMPvBYaSS0NL4BboUHv4L/YZcEL","baseKeyType":1,"closed":1728636986600,"used":1728636985985,"created":1728636985985,"remoteIdentityKey":"BUPQJ97zuTLACUfruE5U/pdd/5mlP0/G/ovpj7K4Ua0r"},"_chains":{"BQ+S+neIWkx3kJ9XJLAA8QPNx8rimecAd3myLrXf82YB":{"chainKey":{"counter":0,"key":"qSWoB46AdfXDt/7QB1NrnAVC7OeOMBtKu7O6yStF3JM="},"chainType":1,"messageKeys":{}}},"pendingPreKey":{"signedKeyId":1,"baseKey":"BTzFsqoiQeaLf2JClFMPvBYaSS0NL4BboUHv4L/YZcEL","preKeyId":1763117}},"BbzFgHvIw0xNmDZwqXCIh800qrHWGAOpTxrPIHTvHtYw":{"registrationId":1006903014,"currentRatchet":{"ephemeralKeyPair":{"pubKey":"Be5g8VYXU/nh5z505/aXPvlzU+2vz541XcfFRofyQuNp","privKey":"SG10hIX9mRN/moeY7Db/3FZqDnY2TrpjjR7S3IsTPks="},"lastRemoteEphemeralKey":"Bcj4FHfZY4/FydyuRmmz0YWzOgWuXoTWyFd9lSlcIDAR","previousCounter":0,"rootKey":"TOWqTNEodqdcfTSNU6Ro3YsJtRbCviCmTBKZ19WEIyM="},"indexInfo":{"baseKey":"BbzFgHvIw0xNmDZwqXCIh800qrHWGAOpTxrPIHTvHtYw","baseKeyType":1,"closed":-1,"used":1728636986557,"created":1728636986557,"remoteIdentityKey":"BUPQJ97zuTLACUfruE5U/pdd/5mlP0/G/ovpj7K4Ua0r"},"_chains":{"Be5g8VYXU/nh5z505/aXPvlzU+2vz541XcfFRofyQuNp":{"chainKey":{"counter":3,"key":"WlH1KP16HlZhMdmb4QkXwKjqYNFpTPz9BZI7sMc7PwM="},"chainType":1,"messageKeys":{}}},"pendingPreKey":{"signedKeyId":1,"baseKey":"BbzFgHvIw0xNmDZwqXCIh800qrHWGAOpTxrPIHTvHtYw","preKeyId":1763826}}},"version":"v1"}