{"_sessions":{"BZ9jZhLb+ERaT6lv5UBxpL0NeMbPI2jywTM60FHnEBQP":{"registrationId":1977,"currentRatchet":{"ephemeralKeyPair":{"pubKey":"BcYOS6VmjfdGjv4u9tWKLiuhHk/HWWA0NHW9wpZvI/lj","privKey":"eGz3lvP1OoOs0XT4XgY2u8GEjq2podtqiCv9/9otzEE="},"lastRemoteEphemeralKey":"BbcCc7O2gyjHCceAjpvSIZD3tap1jUFqIxN9ZhkC1Aty","previousCounter":0,"rootKey":"QcqOcpDcVJ8/i7x75NtYX858zXvj62z3b6d/mdvWRnc="},"indexInfo":{"baseKey":"BZ9jZhLb+ERaT6lv5UBxpL0NeMbPI2jywTM60FHnEBQP","baseKeyType":1,"closed":1728636986588,"used":1728636985946,"created":1728636985946,"remoteIdentityKey":"BQn6q9vSQm8oLAZjDMqPJUT4uztFBln4JWKIqVfO3qR2"},"_chains":{"BcYOS6VmjfdGjv4u9tWKLiuhHk/HWWA0NHW9wpZvI/lj":{"chainKey":{"counter":0,"key":"/Kq0oPRFe3BFV3Lhj4s3dD3IswvXPIlGtSO9aAmQ6kc="},"chainType":1,"messageKeys":{}}},"pendingPreKey":{"signedKeyId":1,"baseKey":"BZ9jZhLb+ERaT6lv5UBxpL0NeMbPI2jywTM60FHnEBQP"}},"BdQNuLPFAYNudOo0/l8aUlohg9o8u2ddmix+CTTlCO9u":{"registrationId":1977,"currentRatchet":{"ephemeralKeyPair":{"pubKey":"BdHOxFXU1HNxI++sSW2q/KITva5RhyayFF1jNWOgcUl7","privKey":"4MLkF4ucj4PfI/zdwdWzIPowu/6sJvGQqMh7i2gVXkE="},"lastRemoteEphemeralKey":"BbcCc7O2gyjHCceAjpvSIZD3tap1jUFqIxN9ZhkC1Aty","previousCounter":0,"rootKey":"1SeFBCD/GMeuCU2dZ10GIeHCe7NoZZS/rjALKLOEtPM="},"indexInfo":{"baseKey":"BdQNuLPFAYNudOo0/l8aUlohg9o8u2ddmix+CTTlCO9u","baseKeyType":1,"closed":-1,"used":1728636986535,"created":1728636986535,"remoteIdentityKey":"BQn6q9vSQm8oLAZjDMqPJUT4uztFBln4JWKIqVfO3qR2"},"_chains":{"BdHOxFXU1HNxI++sSW2q/KITva5RhyayFF1jNWOgcUl7":{"chainKey":{"counter":3,"key":"X1O+IcAobyIbVdsb/qKtB5RkMIEGY4+GzYeL+f2u07o="},"chainType":1,"messageKeys":{}}},"pendingPreKey":{"signedKeyId":1,"baseKey":"BdQNuLPFAYNudOo0/l8aUlohg9o8u2ddmix+CTTlCO9u"}}},"version":"v1"}