{"_sessions":{"Baq04LJpdT6JQLaQig7aua3fX33gub9NhHENkGWJw896":{"registrationId":1079985498,"currentRatchet":{"ephemeralKeyPair":{"pubKey":"BdSIxWdLezwEKLK2uaJm00jCn9iFv2GL7CbKeQxH9YBC","privKey":"sBEORd5uhv6kKXLfbUYOsDadpJ2SdDrS4Pq0iYk5XmY="},"lastRemoteEphemeralKey":"BfvhNAVJMQifgbt0W1jaTHivRouQadzrxePK8CaXSo5P","previousCounter":0,"rootKey":"YNYRrCWxJQdWU9Vkm0ra+XBgnvcBSW0DpOThmzB0mAQ="},"indexInfo":{"baseKey":"Baq04LJpdT6JQLaQig7aua3fX33gub9NhHENkGWJw896","baseKeyType":1,"closed":1728636986614,"used":1728636986021,"created":1728636986021,"remoteIdentityKey":"BTSgXwm+ZrB0sOKv/x9jo3imIPETHtp7J2X638qPxn0I"},"_chains":{"BdSIxWdLezwEKLK2uaJm00jCn9iFv2GL7CbKeQxH9YBC":{"chainKey":{"counter":0,"key":"iDde1qiyGvWhK+5SrNyL7KUK9DC9uiYyRq3/ZVZMvJY="},"chainType":1,"messageKeys":{}}},"pendingPreKey":{"signedKeyId":8,"baseKey":"Baq04LJpdT6JQLaQig7aua3fX33gub9NhHENkGWJw896","preKeyId":1246455}},"BU1XDMBAH1UQK3V4AMXW0Wq9Oc/E5v8yuI01T51dLDQG":{"registrationId":1079985498,"currentRatchet":{"ephemeralKeyPair":{"pubKey":"BdR/ihhtoKlt+afDkSSql7TKwJ+7dkRRU8RiJkgexMUz","privKey":"qGO2zGB2oqGaCaxN0SjVS9Jj03FJKK3GPEsO9Y797FA="},"lastRemoteEphemeralKey":"BfvhNAVJMQifgbt0W1jaTHivRouQadzrxePK8CaXSo5P","previousCounter":0,"rootKey":"Mpl6jIgc8e7XwkwT28Y6pNVgCwEASEfpCEg5TAeXs1o="},"indexInfo":{"baseKey":"BU1XDMBAH1UQK3V4AMXW0Wq9Oc/E5v8yuI01T51dLDQG","baseKeyType":1,"closed":-1,"used":1728636986577,"created":1728636986577,"remoteIdentityKey":"BTSgXwm+ZrB0sOKv/x9jo3imIPETHtp7J2X638qPxn0I"},"_chains":{"BdR/ihhtoKlt+afDkSSql7TKwJ+7dkRRU8RiJkgexMUz":{"chainKey":{"counter":3,"key":"xrjKa0JcWIflnODzlhf9U78t9pO+Ra5TLL4wLk/Incg="},"chainType":1,"messageKeys":{}}},"pendingPreKey":{"signedKeyId":8,"baseKey":"BU1XDMBAH1UQK3V4AMXW0Wq9Oc/E5v8yuI01T51dLDQG","preKeyId":1245997}}},"version":"v1"}