{"_sessions":{"BUCz2NQLHrH0Kb2yWR+cw5Qf16eTpS2Mpa64PVVabVMB":{"registrationId":4353,"currentRatchet":{"ephemeralKeyPair":{"pubKey":"BRjOgwc21avZInjVPqlfCPAuH6HHawsOL6z79Y+8KkkO","privKey":"ODh5SY1tsRJFS2PEiTcZO5V1XkIU24DgSRzPheq7Pk4="},"lastRemoteEphemeralKey":"BZpPx6lgSfPCcXTFwm1hcZZJzg+lkd7c2g7iOwEZG3lK","previousCounter":0,"rootKey":"v8RLo358FhvGOcpkO2BPJvrFOsXv65mtXM3G1ga3ysg="},"indexInfo":{"baseKey":"BUCz2NQLHrH0Kb2yWR+cw5Qf16eTpS2Mpa64PVVabVMB","baseKeyType":2,"closed":-1,"used":1728636978999,"created":1728636978999,"remoteIdentityKey":"BdxLjtwzF4ovFJTqu5d7loyGju612AIoIed1/7ggbbAk"},"_chains":{"BZpPx6lgSfPCcXTFwm1hcZZJzg+lkd7c2g7iOwEZG3lK":{"chainKey":{"counter":2,"key":"iRxpJnpBm5djM27JTMUAxa1/dvycD5lI+l0dy5vsLnE="},"chainType":2,"messageKeys":{}},"BRjOgwc21avZInjVPqlfCPAuH6HHawsOL6z79Y+8KkkO":{"chainKey":{"counter":-1,"key":"vZ3Jr2nnxKVPH7m+oU9cAmm+ikkSS7e5amfCJDB7je4="},"chainType":1,"messageKeys":{}}}}},"version":"v1"}