{"_sessions":{"Bc5j1pzlkc95fVQ5a9Aij9JeSln+hGqKXTdq2ANjOhpb":{"registrationId":1853233628,"currentRatchet":{"ephemeralKeyPair":{"pubKey":"Bcc+fZl/ccmxrvNSJKfP6pdrkL171UT+q5AWOmzoYkEL","privKey":"uGsR8yLtUK6tmndVZ+/WjsZo7s4gkPegyNC9N2frB2I="},"lastRemoteEphemeralKey":"BWZ5Ri49OlUgdbgCWL1OfSiNaqLuW6h227LL4KTjoYVF","previousCounter":0,"rootKey":"6YYqZlUY8O5dn4eUi5KzE/SEJWQ0qw2jGBJ8id9EPGA="},"indexInfo":{"baseKey":"Bc5j1pzlkc95fVQ5a9Aij9JeSln+hGqKXTdq2ANjOhpb","baseKeyType":2,"closed":-1,"used":1728636989905,"created":1728636989905,"remoteIdentityKey":"BRUjdAFP+sPRB6lbEZjZxF0tYM5FpXI8jg33xVhqXcAk"},"_chains":{"BWZ5Ri49OlUgdbgCWL1OfSiNaqLuW6h227LL4KTjoYVF":{"chainKey":{"counter":1,"key":"dqn2qXSIKRnfn41yPlJe8Ev055B7mPPpV/M74LHg2OE="},"chainType":2,"messageKeys":{}},"Bcc+fZl/ccmxrvNSJKfP6pdrkL171UT+q5AWOmzoYkEL":{"chainKey":{"counter":-1,"key":"ElWRMB/uKPQpRZMBBNU4FXjAO8GDoxUo41yo9KPVaec="},"chainType":1,"messageKeys":{}}}}},"version":"v1"}