{"_sessions":{"Bbcw3va16Cgh8uzKNBmUrF47Zdi3DVIrFM29GU9f/7ci":{"registrationId":1388223085,"currentRatchet":{"ephemeralKeyPair":{"pubKey":"BTwTAWYwZEz2TLjIJ3Tqe/mmMLOZGn6JeaVu6nqWC91M","privKey":"UIUD7YJXlF7c1BjV1cZ96Np3aTm0k018EHuiuKllwn8="},"lastRemoteEphemeralKey":"BQhfN0EzeH8RNyXN91uUrUuCHJMEYQOY9rRJpFH49eUi","previousCounter":0,"rootKey":"Rz8Qck0musaZq5HNjBBncV1bcEkrMz9tBfMjOUS3dyI="},"indexInfo":{"baseKey":"Bbcw3va16Cgh8uzKNBmUrF47Zdi3DVIrFM29GU9f/7ci","baseKeyType":1,"closed":1728636986603,"used":1728636986000,"created":1728636986000,"remoteIdentityKey":"BYCDy1VQNmjPl4ml+blWAjeU84o/vi2c9vZ2m3RNamto"},"_chains":{"BTwTAWYwZEz2TLjIJ3Tqe/mmMLOZGn6JeaVu6nqWC91M":{"chainKey":{"counter":0,"key":"FvPhHtyE7mTxwEdZHDAA/GLsFReM8xlAHqXv6r/Nqu0="},"chainType":1,"messageKeys":{}}},"pendingPreKey":{"signedKeyId":0,"baseKey":"Bbcw3va16Cgh8uzKNBmUrF47Zdi3DVIrFM29GU9f/7ci","preKeyId":9526170}},"BYZtNhOt9+TJt3eGwbOOk1OVeXkG3PYg0BQarIrCOsZ2":{"registrationId":1388223085,"currentRatchet":{"ephemeralKeyPair":{"pubKey":"BVy5J5FuWwEBBowYUYzRxe/Gu6WB6r11u/KtH7sYp3pS","privKey":"4NYrmfcoJs1iPFJH3kqbeUhYcAeCUdyUIrRpt9LHoXY="},"lastRemoteEphemeralKey":"BQhfN0EzeH8RNyXN91uUrUuCHJMEYQOY9rRJpFH49eUi","previousCounter":0,"rootKey":"zb1hdk3jXT+0HlX8wwff8xr3sW9cI31365fT23DhfD4="},"indexInfo":{"baseKey":"BYZtNhOt9+TJt3eGwbOOk1OVeXkG3PYg0BQarIrCOsZ2","baseKeyType":1,"closed":-1,"used":1728636986565,"created":1728636986565,"remoteIdentityKey":"BYCDy1VQNmjPl4ml+blWAjeU84o/vi2c9vZ2m3RNamto"},"_chains":{"BVy5J5FuWwEBBowYUYzRxe/Gu6WB6r11u/KtH7sYp3pS":{"chainKey":{"counter":3,"key":"+TUvN2kHnbz+F1fRgARYvGGObE3qhNWv4YYy74w5Ubk="},"chainType":1,"messageKeys":{}}},"pendingPreKey":{"signedKeyId":0,"baseKey":"BYZtNhOt9+TJt3eGwbOOk1OVeXkG3PYg0BQarIrCOsZ2","preKeyId":9526183}}},"version":"v1"}