{"_sessions":{"BSNcSmDVex6WLNGivOD5w9u2qTLgWrdC6pJAtccZp4tB":{"registrationId":12144,"currentRatchet":{"ephemeralKeyPair":{"pubKey":"Bft5PVc/TKqW/ic/weaAJju5vTBRf3nn9ntvdYqGBW95","privKey":"2N6K3c7YHiJBFwptU7hEwvg3kTJh2ngADnD6GNVT9l8="},"lastRemoteEphemeralKey":"BW0/gFsTLsu/a56HsN+dbXLbDqlClCnMjSm4FWFmhUpa","previousCounter":0,"rootKey":"X8OpylRYuJMXCDM2K6dk9LLqEW03pCbI5b2WZKDHs2M="},"indexInfo":{"baseKey":"BSNcSmDVex6WLNGivOD5w9u2qTLgWrdC6pJAtccZp4tB","baseKeyType":1,"closed":1728636986592,"used":1728636985958,"created":1728636985958,"remoteIdentityKey":"BSgI1yaoZuRZdZ3o3nKkmrIzGsJCpqZz8jKidvt+Eg9J"},"_chains":{"Bft5PVc/TKqW/ic/weaAJju5vTBRf3nn9ntvdYqGBW95":{"chainKey":{"counter":0,"key":"0RaP6mwbvFBHBC+iQlUdcZkc5N+vLEwGaWsKND1FAo4="},"chainType":1,"messageKeys":{}}},"pendingPreKey":{"signedKeyId":1,"baseKey":"BSNcSmDVex6WLNGivOD5w9u2qTLgWrdC6pJAtccZp4tB"}},"BZo3yC6aOnZYNlblUxFJrpJxI9tX4Q2nqgqt3kSXCVgR":{"registrationId":12144,"currentRatchet":{"ephemeralKeyPair":{"pubKey":"BdyDHN02YbWA+Hn820Vzq1RIN+ZQIhA5ZgFyASx3sWop","privKey":"eCNzTzsfb02bOxaSzFOqA2s/aeyHaPxpaM2gyaim6lA="},"lastRemoteEphemeralKey":"BW0/gFsTLsu/a56HsN+dbXLbDqlClCnMjSm4FWFmhUpa","previousCounter":0,"rootKey":"ELYM37YqyQzqvaFR/uItk4WtTen+yjhEsJMQiJjp8mM="},"indexInfo":{"baseKey":"BZo3yC6aOnZYNlblUxFJrpJxI9tX4Q2nqgqt3kSXCVgR","baseKeyType":1,"closed":-1,"used":1728636986541,"created":1728636986541,"remoteIdentityKey":"BSgI1yaoZuRZdZ3o3nKkmrIzGsJCpqZz8jKidvt+Eg9J"},"_chains":{"BdyDHN02YbWA+Hn820Vzq1RIN+ZQIhA5ZgFyASx3sWop":{"chainKey":{"counter":3,"key":"THVv5ZnZTW/Ss1iAww8tuJYuta4m4GHXgsfa+jNfBgI="},"chainType":1,"messageKeys":{}}},"pendingPreKey":{"signedKeyId":1,"baseKey":"BZo3yC6aOnZYNlblUxFJrpJxI9tX4Q2nqgqt3kSXCVgR"}}},"version":"v1"}