{"_sessions":{"BbdyIruCUwiJqg96lXexFUm8eIJ7iJAKgFyyqHKqsIA2":{"registrationId":560131329,"currentRatchet":{"ephemeralKeyPair":{"pubKey":"BXIfB0FYILBer2mUbL8N3Gw3Kmbfa3GF+0AuQClpui4w","privKey":"SGqxhZKZpXTFB+qIxeUWTpKuy1DhQ329OtU2PATkMWI="},"lastRemoteEphemeralKey":"BY/39raTt7HHgdob3e1tYSOI0lgtoB+GRS2MXLWvuNR8","previousCounter":0,"rootKey":"sKi2dS69FZigoeLlUl3PnmVXi6vPC8XzrqZ6PkW4zqk="},"indexInfo":{"baseKey":"BbdyIruCUwiJqg96lXexFUm8eIJ7iJAKgFyyqHKqsIA2","baseKeyType":2,"closed":-1,"used":1728636977809,"created":1728636977809,"remoteIdentityKey":"BTB5kdSlo90UuiaLDtLqeZcxwgnv1tiMGo163oyrm3xm"},"_chains":{"BY/39raTt7HHgdob3e1tYSOI0lgtoB+GRS2MXLWvuNR8":{"chainKey":{"counter":2,"key":"sVMXCFxbA+UtUNpL4AoRRXI9u8llJBmWVYberYqZPmU="},"chainType":2,"messageKeys":{}},"BXIfB0FYILBer2mUbL8N3Gw3Kmbfa3GF+0AuQClpui4w":{"chainKey":{"counter":4,"key":"6FeSuVnl85bsvc7zMWipuGhogqRQwot+ffwAFUbjpc8="},"chainType":1,"messageKeys":{}}}}},"version":"v1"}