{"_sessions":{"BdCQEjhMHEUMg64Dgdpdqmq/bJnMFws5wCwXn2NLl30y":{"registrationId":1189502536,"currentRatchet":{"ephemeralKeyPair":{"pubKey":"BUk6wr+zEbxgdEtx55LaY8lCSdzc3eA+ZirtoQ8Vioks","privKey":"uDIRnLAnrswPYXrIyXDMYExiaA5TL+x1TkUTCKWbGms="},"lastRemoteEphemeralKey":"BZ/prwDdHDoTZ0bgqX4WH9BC4FuxP7Q/qxpvgnJc4HUV","previousCounter":0,"rootKey":"aSfN4/G9n8SGRUaSjyRHeZzeXvcWctRqOvPH0I7Rppo="},"indexInfo":{"baseKey":"BdCQEjhMHEUMg64Dgdpdqmq/bJnMFws5wCwXn2NLl30y","baseKeyType":2,"closed":1728636986038,"used":1728636985349,"created":1728636985349,"remoteIdentityKey":"BaQQuEmF9a/MZz/Ao84ykRWjYdmZA5TfPNshIOlfLxR1"},"_chains":{"BZ/prwDdHDoTZ0bgqX4WH9BC4FuxP7Q/qxpvgnJc4HUV":{"chainKey":{"counter":2,"key":"65pRki1Ch1bmfhJ7SIGL5K/cYm0sSndFgCP6jJ9G2pc="},"chainType":2,"messageKeys":{}},"BUk6wr+zEbxgdEtx55LaY8lCSdzc3eA+ZirtoQ8Vioks":{"chainKey":{"counter":-1,"key":"SG1gKcrmMeb+w1ZLMGK5Z6SJOpoG2AwNRHCJ9v/sVyE="},"chainType":1,"messageKeys":{}}}},"BTIeiJNjibvEgT3RYKWOwpqDxfzZAdG/dCmM0n3GZoc6":{"registrationId":1189502536,"currentRatchet":{"ephemeralKeyPair":{"pubKey":"Ba+HIXMKziFljl1UcXGrOi7D25ggggCyuHShfDrM8I4E","privKey":"iN1Ye63Kw5sG5WSChTl3518Po6H1aMWcFu269Zx/GWs="},"lastRemoteEphemeralKey":"Bb30uAm6yWQ1h+G3N+gMA/xFdL1aZudE2OL6Bbnlb8p+","previousCounter":0,"rootKey":"hVfyCPgKcgBGjocFRIqpmlFfn92Ry/Jwf9OtIBXFK3U="},"indexInfo":{"baseKey":"BTIeiJNjibvEgT3RYKWOwpqDxfzZAdG/dCmM0n3GZoc6","baseKeyType":1,"closed":1728636986599,"used":1728636985978,"created":1728636985978,"remoteIdentityKey":"BaQQuEmF9a/MZz/Ao84ykRWjYdmZA5TfPNshIOlfLxR1"},"_chains":{"Ba+HIXMKziFljl1UcXGrOi7D25ggggCyuHShfDrM8I4E":{"chainKey":{"counter":0,"key":"vQFSrH29WXI1XuAXauThrRu9RdNMGpnTOc+B2+Ua64E="},"chainType":1,"messageKeys":{}}},"pendingPreKey":{"signedKeyId":2,"baseKey":"BTIeiJNjibvEgT3RYKWOwpqDxfzZAdG/dCmM0n3GZoc6","preKeyId":4515511}},"BTPwOeZ04rbG+7PSlf3ot8g2pDal3bKr8gKhDpJaz2oa":{"registrationId":1189502536,"currentRatchet":{"ephemeralKeyPair":{"pubKey":"BfceoBBT/zW6H/uZ/2Y1y+FvrEDc6peQAULFEriUBHQ9","privKey":"6Cn06qJ/SSsjMjVTuiJ5BJksK4A1+aVd+YStRIquHXQ="},"lastRemoteEphemeralKey":"BQfsrg69iqnJK74BEFf8JO5z5QW/FP9weG/qiSGUBj5T","previousCounter":3,"rootKey":"Qcd6drNcgaI11Gzk8QLWmoY6IbhjFQgBVq/JnZhKHS0="},"indexInfo":{"baseKey":"BTPwOeZ04rbG+7PSlf3ot8g2pDal3bKr8gKhDpJaz2oa","baseKeyType":1,"closed":-1,"used":1728637025865,"created":1728636986553,"remoteIdentityKey":"BaQQuEmF9a/MZz/Ao84ykRWjYdmZA5TfPNshIOlfLxR1"},"_chains":{"BQfsrg69iqnJK74BEFf8JO5z5QW/FP9weG/qiSGUBj5T":{"chainKey":{"counter":0,"key":"KmYny6EnUyclJUeJxxn9sJmnrtMQflP8tB3iIUdKAzs="},"chainType":2,"messageKeys":{}},"BfceoBBT/zW6H/uZ/2Y1y+FvrEDc6peQAULFEriUBHQ9":{"chainKey":{"counter":-1,"key":"2z9UZavjMoqHM5I+OkudAI5Tah/fT8yrw65P8Ic3RBA="},"chainType":1,"messageKeys":{}}}}},"version":"v1"}