{"_sessions":{"BVuslrnGE/03b1V/V1AIA25dWJUcT1S99aL6G5bvoehu":{"registrationId":1035248420,"currentRatchet":{"ephemeralKeyPair":{"pubKey":"Bb9wOb3hHnP0M+GrkbJ+frlWx7+hhYHWaiQ6SrCLr5QU","privKey":"OFNtLItRp1RDY8PRH3myY1vL+D2wmyx4D+TdYfAWYFc="},"lastRemoteEphemeralKey":"BeieeHNCWln6EM1ia3q/PXgEt79S+u0w2ncJ+ql4P9Fe","previousCounter":0,"rootKey":"Ehotsv0XXX5lxprLzcs3Y/H7OV96xoAYng2IhF5H+as="},"indexInfo":{"baseKey":"BVuslrnGE/03b1V/V1AIA25dWJUcT1S99aL6G5bvoehu","baseKeyType":2,"closed":-1,"used":1728636977192,"created":1728636977192,"remoteIdentityKey":"BZJfBQ8zxnlkdIlxdCqRgbLnRTA04DH7soUsf96DKKsl"},"_chains":{"BeieeHNCWln6EM1ia3q/PXgEt79S+u0w2ncJ+ql4P9Fe":{"chainKey":{"counter":5,"key":"7agD9u3/z39n2XdSq8ESUr2wGjD9e0HtEhKw22o67aA="},"chainType":2,"messageKeys":{}},"Bb9wOb3hHnP0M+GrkbJ+frlWx7+hhYHWaiQ6SrCLr5QU":{"chainKey":{"counter":4,"key":"iEtf3OgERR8jF6CCdsJsgO1sBSKH8Igw9irrUfwUXKI="},"chainType":1,"messageKeys":{}}}}},"version":"v1"}