{"_sessions":{"Bc46Pgyx96lstrufShJ+iSXalUSLVZ0ZYHq0XKbRCIlY":{"registrationId":718910645,"currentRatchet":{"ephemeralKeyPair":{"pubKey":"BV8BgxdkTggh5sBbwXpyCkmc5DZ3sJd8ghi0kfnJQUMp","privKey":"8OHAY/H50ZLv2pfIRQrR44ko/yYjTPO11l3cYMa91W4="},"lastRemoteEphemeralKey":"BW15l948CV7zOY2YG+xgJCgyTTB+laDnGmzam4u0naFn","previousCounter":0,"rootKey":"/C+jXOjrmrajD+1LvJBRQ/gWvVdXhyKLbwcNzM9ffmc="},"indexInfo":{"baseKey":"Bc46Pgyx96lstrufShJ+iSXalUSLVZ0ZYHq0XKbRCIlY","baseKeyType":1,"closed":1728636986595,"used":1728636985965,"created":1728636985965,"remoteIdentityKey":"BeFJAQXjmYglupNghDkiVXA8wYkFxAFwmcPSREox3SdF"},"_chains":{"BV8BgxdkTggh5sBbwXpyCkmc5DZ3sJd8ghi0kfnJQUMp":{"chainKey":{"counter":0,"key":"jViIji/xuZcnh+Z8UkYqBhHP0vGeLNbdPC/IOt3PAzM="},"chainType":1,"messageKeys":{}}},"pendingPreKey":{"signedKeyId":3904443,"baseKey":"Bc46Pgyx96lstrufShJ+iSXalUSLVZ0ZYHq0XKbRCIlY","preKeyId":445}},"BXNVx4APt3QHfVsYiRLiSyPdCFDcJcnBOMS0ElBDgftp":{"registrationId":718910645,"currentRatchet":{"ephemeralKeyPair":{"pubKey":"Bfelvq70nQV81wVtsHstDXJNDEfQWsxDKiGY42fdYil4","privKey":"wCGf4MAKJ67aBUE3asxYaBWkYgYhelg36L8cOWawQHw="},"lastRemoteEphemeralKey":"BW15l948CV7zOY2YG+xgJCgyTTB+laDnGmzam4u0naFn","previousCounter":0,"rootKey":"n8n39NO5qWfas2JrqkusoheGxDdcIcIF4/sGDAYhHf4="},"indexInfo":{"baseKey":"BXNVx4APt3QHfVsYiRLiSyPdCFDcJcnBOMS0ElBDgftp","baseKeyType":1,"closed":-1,"used":1728636986545,"created":1728636986545,"remoteIdentityKey":"BeFJAQXjmYglupNghDkiVXA8wYkFxAFwmcPSREox3SdF"},"_chains":{"Bfelvq70nQV81wVtsHstDXJNDEfQWsxDKiGY42fdYil4":{"chainKey":{"counter":3,"key":"tkirXXWMSvw7dfv+Ty9EjWk6mF7qiQf0MqfnCVC33HM="},"chainType":1,"messageKeys":{}}},"pendingPreKey":{"signedKeyId":3904443,"baseKey":"BXNVx4APt3QHfVsYiRLiSyPdCFDcJcnBOMS0ElBDgftp","preKeyId":469}}},"version":"v1"}