{"_sessions":{"Bd6kkrOk16GLEgJKYaX5ne0rJRQvVIh/RTsq/FT+mhJ1":{"registrationId":497937649,"currentRatchet":{"ephemeralKeyPair":{"pubKey":"BXCmGDsL9Yk8aLYy2pIX58NnAN+Yb0h6fxFfbHHkuNNv","privKey":"4OYZogliEFRkI9ZKmhj9pBKVsrWm6/+T/imSZ94k0W0="},"lastRemoteEphemeralKey":"BVaaMjm9e/hLDDIKA+CIkX2SetQJaGx/qBzHW1X9Hrx7","previousCounter":0,"rootKey":"Ic/AwnapQC1a0MoLwLAtT4sPdcVFr2RwfVfK7CR/mNU="},"indexInfo":{"baseKey":"Bd6kkrOk16GLEgJKYaX5ne0rJRQvVIh/RTsq/FT+mhJ1","baseKeyType":2,"closed":1728636986043,"used":1728636985228,"created":1728636985228,"remoteIdentityKey":"BTn2jltMplo+WFFM1OA3HIJYby/V1JXc4wX1HV50gugX"},"_chains":{"BVaaMjm9e/hLDDIKA+CIkX2SetQJaGx/qBzHW1X9Hrx7":{"chainKey":{"counter":1,"key":"ZPt2CjJ6hsu2qgs395Bcu2Nm/XAf2CbAjSuEQnf2AWw="},"chainType":2,"messageKeys":{}},"BXCmGDsL9Yk8aLYy2pIX58NnAN+Yb0h6fxFfbHHkuNNv":{"chainKey":{"counter":-1,"key":"TmKbyfeixTmI4UvgbJkQNbWR1AfOozKnrkD/+sxBzfI="},"chainType":1,"messageKeys":{}}}},"BaeaQVR7WyT5ceNZbNUqMAsv1QDnXbEIQf4Gw2yRBfRX":{"registrationId":497937649,"currentRatchet":{"ephemeralKeyPair":{"pubKey":"BTR3CEEjfscfiqngrpedUUJB8yKClz/HMs2KRwfDwYda","privKey":"oLxKyz9S+vqqT3Vakf30Sl3j6Pmv1tYUR3QD5w8FL3Y="},"lastRemoteEphemeralKey":"BY3BrcYbXxlf+gEZvnVquBCxqTEKKQUDZrBGpuGV04lH","previousCounter":0,"rootKey":"vL0cZp8I05qWzf9RUZAOc62yBpOuy6AU9ozln/wo224="},"indexInfo":{"baseKey":"BaeaQVR7WyT5ceNZbNUqMAsv1QDnXbEIQf4Gw2yRBfRX","baseKeyType":1,"closed":1728636986611,"used":1728636986014,"created":1728636986014,"remoteIdentityKey":"BTn2jltMplo+WFFM1OA3HIJYby/V1JXc4wX1HV50gugX"},"_chains":{"BTR3CEEjfscfiqngrpedUUJB8yKClz/HMs2KRwfDwYda":{"chainKey":{"counter":0,"key":"Q5Cn6w3vMkr/EUWouWDmB5mncHKK1ifEf95LYRqoroE="},"chainType":1,"messageKeys":{}}},"pendingPreKey":{"signedKeyId":2,"baseKey":"BaeaQVR7WyT5ceNZbNUqMAsv1QDnXbEIQf4Gw2yRBfRX","preKeyId":11785529}},"BZrWLvo1R7vXbMC9X0OZFm96TbHZzHUfvW1YaLednRcg":{"registrationId":497937649,"currentRatchet":{"ephemeralKeyPair":{"pubKey":"BZiu+iQHHFRl/hMvONkQj3cXByEdUPcL50XvcBWBjLJj","privKey":"eFHcu36nlZ2oQdRxDgJFuj7psBnW3oCjuMEEjxne3U4="},"lastRemoteEphemeralKey":"BYFAWrhLzO3tV8RIJdcMgHeXubjf0evuRZHCSCE7qT86","previousCounter":3,"rootKey":"JEwbJI9qVz90W9jqMi6pb4nTXUwbZMUuCJ28VnhcelU="},"indexInfo":{"baseKey":"BZrWLvo1R7vXbMC9X0OZFm96TbHZzHUfvW1YaLednRcg","baseKeyType":1,"closed":-1,"used":1728637021375,"created":1728636986573,"remoteIdentityKey":"BTn2jltMplo+WFFM1OA3HIJYby/V1JXc4wX1HV50gugX"},"_chains":{"BYFAWrhLzO3tV8RIJdcMgHeXubjf0evuRZHCSCE7qT86":{"chainKey":{"counter":0,"key":"VmWS98je5Qu/lOgygz6Sn8KPcvw4Nvz2tmhvPA3Gk6s="},"chainType":2,"messageKeys":{}},"BZiu+iQHHFRl/hMvONkQj3cXByEdUPcL50XvcBWBjLJj":{"chainKey":{"counter":-1,"key":"YjQ08lPmZ1ET3zRwHzEYbxndhGHaDmHFDK+uBbrDJE8="},"chainType":1,"messageKeys":{}}}}},"version":"v1"}