{"_sessions":{"BZlmtghuDg4+ohx7paMp3LdbtlHFohC7zxkIQaVIp20s":{"registrationId":14659,"currentRatchet":{"ephemeralKeyPair":{"pubKey":"BQuN/uk9sKGmpoaOMMtTAu7C2iX98QNYFdCtWRwfPQR+","privKey":"kHdHw8/YyAUC42E1R7zhUiFzqc4tzWGj0evvKofRhk4="},"lastRemoteEphemeralKey":"BSfLtTHwyym5n5FbV6XtCPp94oHxuM7+mcUNtBypHa14","previousCounter":0,"rootKey":"qqjZGNU4I4pTCVd371owGM9Dp2TFDYl6w2fRT1I78zA="},"indexInfo":{"baseKey":"BZlmtghuDg4+ohx7paMp3LdbtlHFohC7zxkIQaVIp20s","baseKeyType":1,"closed":1728636986585,"used":1728636985932,"created":1728636985932,"remoteIdentityKey":"BWFlg4QTZy7639U0nGW2Mejqqt3/U2CBOfbnErIgbUgZ"},"_chains":{"BQuN/uk9sKGmpoaOMMtTAu7C2iX98QNYFdCtWRwfPQR+":{"chainKey":{"counter":0,"key":"UHOYqq1d4d/6Vc15oNEZMzF3n1KeGMSIPpHXoEMDSXE="},"chainType":1,"messageKeys":{}}},"pendingPreKey":{"signedKeyId":2,"baseKey":"BZlmtghuDg4+ohx7paMp3LdbtlHFohC7zxkIQaVIp20s"}},"BU7LSHe97ss8hFqXzbLtisGLUKiP6aDZ64JlJmTV0MYQ":{"registrationId":14659,"currentRatchet":{"ephemeralKeyPair":{"pubKey":"BZuMvJOmv1RpfDXCexiIJCj5/zKjPmMGm0L6hiC+MQMI","privKey":"sDDOJWOb4Fbc6vXS5dGmwks/bRnBk6/mARKVZG0gwXg="},"lastRemoteEphemeralKey":"BSfLtTHwyym5n5FbV6XtCPp94oHxuM7+mcUNtBypHa14","previousCounter":0,"rootKey":"+BHamemg7pQ+R38yDKKmoD0RcKWl//0vdyKV/9tAvoo="},"indexInfo":{"baseKey":"BU7LSHe97ss8hFqXzbLtisGLUKiP6aDZ64JlJmTV0MYQ","baseKeyType":1,"closed":-1,"used":1728636986528,"created":1728636986528,"remoteIdentityKey":"BWFlg4QTZy7639U0nGW2Mejqqt3/U2CBOfbnErIgbUgZ"},"_chains":{"BZuMvJOmv1RpfDXCexiIJCj5/zKjPmMGm0L6hiC+MQMI":{"chainKey":{"counter":3,"key":"Sm0WdyGd0V/szi5KnWCqay8yvSMOVG7hUtdi4rHIMfw="},"chainType":1,"messageKeys":{}}},"pendingPreKey":{"signedKeyId":2,"baseKey":"BU7LSHe97ss8hFqXzbLtisGLUKiP6aDZ64JlJmTV0MYQ"}}},"version":"v1"}